--해당 테이블은 테스트 계정에만 있기 때문에
-- 개발자가 실수로 운영db 설정을 사용해도 해당 sql이 정상적으로 실행되지 않으면서
-- 이후에 등장하는 sql들은 실행되지 않는다. populator.setContinueOnError(false);
select * from NO_EXISTS_IN_PRD;
--users 테이블 데이터 전체 지우기
--delete users;
truncate table users;	--복구 불가능(아카이브 로그를 남기지 않기 때문)
truncate table board1;
truncate table post;
truncate table comments;
truncate table attachedfile;

drop sequence post_seq;
drop sequence board1_seq;
drop sequence comments_seq;
drop sequence attachedfile_seq;
drop sequence gn_seq;

create sequence post_seq start with 182 increment By 1 maxvalue 10000;
create sequence board1_seq start with 62 increment By 1 maxvalue 10000;
create sequence comments_seq start with 102 increment By 1 maxvalue 10000;
create sequence attachedfile_seq start with 222 increment By 1 maxvalue 10000;
create sequence gn_seq start with 102 increment By 1 maxvalue 10000;

Insert into USERS (USERID,USERNM,PASS,REG_DT,ALIAS,ADDR1,ADDR2,ZIPCODE,FILENAME,REALFILENAME,REALFILENAME2) values ('brown','브라운','c6347b73d5b1f7c77f8be828ee3e871c819578f23779c7d5e082ae2b36a44',to_date('2019/08/12','YYYY/MM/DD'),'곰',null,null,null,'brown.png','d:\upload\2019\09\425bf99a-da0d-4d41-a804-6746cb576548.png',null);
Insert into USERS (USERID,USERNM,PASS,REG_DT,ALIAS,ADDR1,ADDR2,ZIPCODE,FILENAME,REALFILENAME,REALFILENAME2) values ('cony','코니','c6347b73d5b1f7c77f8be828ee3e871c819578f23779c7d5e082ae2b36a44',to_date('2019/08/12','YYYY/MM/DD'),'토끼',null,null,null,'cony.png','D:\picture\535d2599-4fb5-4fce-a514-11320de99aec',null);
Insert into USERS (USERID,USERNM,PASS,REG_DT,ALIAS,ADDR1,ADDR2,ZIPCODE,FILENAME,REALFILENAME,REALFILENAME2) values ('sally','브라운테스트','c6347b73d5b1f7c77f8be828ee3e871c819578f23779c7d5e082ae2b36a44',to_date('2019/08/12','YYYY/MM/DD'),'곰테스트','서울 강북구 덕릉로 1','asdf','01093','moon.png','d:\upload\2019\08\4d129307-1c52-415f-a3ef-ca3d2895d2d0.png','/upload/2019/08/sally.png');
Insert into USERS (USERID,USERNM,PASS,REG_DT,ALIAS,ADDR1,ADDR2,ZIPCODE,FILENAME,REALFILENAME,REALFILENAME2) values ('james','제임스','james1234',to_date('2019/08/12','YYYY/MM/DD'),'사람',null,null,null,'james.png','d:\upload\2019\09\11cfd33a-f338-4d8b-87e2-6e33f63e765a.png',null);
Insert into USERS (USERID,USERNM,PASS,REG_DT,ALIAS,ADDR1,ADDR2,ZIPCODE,FILENAME,REALFILENAME,REALFILENAME2) values ('moon','문','moon1234',to_date('2019/08/12','YYYY/MM/DD'),'달',null,null,null,'moon.png','D:\picture\957cadae-ead3-4763-90d6-53c53951d8fe',null);
Insert into USERS (USERID,USERNM,PASS,REG_DT,ALIAS,ADDR1,ADDR2,ZIPCODE,FILENAME,REALFILENAME,REALFILENAME2) values ('xuserid1','xusernm1','xuserpass1',to_date('2019/08/02','YYYY/MM/DD'),'xuseralias1',null,null,null,null,null,null);
Insert into USERS (USERID,USERNM,PASS,REG_DT,ALIAS,ADDR1,ADDR2,ZIPCODE,FILENAME,REALFILENAME,REALFILENAME2) values ('xuserid2','xusernm2','xuserpass2',to_date('2019/07/23','YYYY/MM/DD'),'xuseralias2',null,null,null,null,null,null);
Insert into USERS (USERID,USERNM,PASS,REG_DT,ALIAS,ADDR1,ADDR2,ZIPCODE,FILENAME,REALFILENAME,REALFILENAME2) values ('xuserid3','xusernm3','xuserpass3',to_date('2019/07/13','YYYY/MM/DD'),'xuseralias3',null,null,null,null,null,null);
Insert into USERS (USERID,USERNM,PASS,REG_DT,ALIAS,ADDR1,ADDR2,ZIPCODE,FILENAME,REALFILENAME,REALFILENAME2) values ('xuserid4','xusernm4','xuserpass4',to_date('2019/07/03','YYYY/MM/DD'),'xuseralias4',null,null,null,null,null,null);
Insert into USERS (USERID,USERNM,PASS,REG_DT,ALIAS,ADDR1,ADDR2,ZIPCODE,FILENAME,REALFILENAME,REALFILENAME2) values ('xuserid5','xusernm5','xuserpass5',to_date('2019/06/23','YYYY/MM/DD'),'xuseralias5',null,null,null,null,null,null);
Insert into USERS (USERID,USERNM,PASS,REG_DT,ALIAS,ADDR1,ADDR2,ZIPCODE,FILENAME,REALFILENAME,REALFILENAME2) values ('xuserid6','xusernm6','xuserpass6',to_date('2019/06/13','YYYY/MM/DD'),'xuseralias6',null,null,null,null,null,null);
Insert into USERS (USERID,USERNM,PASS,REG_DT,ALIAS,ADDR1,ADDR2,ZIPCODE,FILENAME,REALFILENAME,REALFILENAME2) values ('xuserid7','xusernm7','xuserpass7',to_date('2019/06/03','YYYY/MM/DD'),'xuseralias7',null,null,null,null,null,null);
Insert into USERS (USERID,USERNM,PASS,REG_DT,ALIAS,ADDR1,ADDR2,ZIPCODE,FILENAME,REALFILENAME,REALFILENAME2) values ('xuserid8','xusernm8','xuserpass8',to_date('2019/05/24','YYYY/MM/DD'),'xuseralias8',null,null,null,null,null,null);
Insert into USERS (USERID,USERNM,PASS,REG_DT,ALIAS,ADDR1,ADDR2,ZIPCODE,FILENAME,REALFILENAME,REALFILENAME2) values ('xuserid9','xusernm9','xuserpass9',to_date('2019/05/14','YYYY/MM/DD'),'xuseralias9',null,null,null,null,null,null);
Insert into USERS (USERID,USERNM,PASS,REG_DT,ALIAS,ADDR1,ADDR2,ZIPCODE,FILENAME,REALFILENAME,REALFILENAME2) values ('xuserid10','xusernm10','xuserpass10',to_date('2019/05/04','YYYY/MM/DD'),'xuseralias10',null,null,null,null,null,null);
Insert into USERS (USERID,USERNM,PASS,REG_DT,ALIAS,ADDR1,ADDR2,ZIPCODE,FILENAME,REALFILENAME,REALFILENAME2) values ('xuserid11','xusernm11','xuserpass11',to_date('2019/04/24','YYYY/MM/DD'),'xuseralias11',null,null,null,null,null,null);
Insert into USERS (USERID,USERNM,PASS,REG_DT,ALIAS,ADDR1,ADDR2,ZIPCODE,FILENAME,REALFILENAME,REALFILENAME2) values ('xuserid12','xusernm12','xuserpass12',to_date('2019/04/14','YYYY/MM/DD'),'xuseralias12',null,null,null,null,null,null);
Insert into USERS (USERID,USERNM,PASS,REG_DT,ALIAS,ADDR1,ADDR2,ZIPCODE,FILENAME,REALFILENAME,REALFILENAME2) values ('xuserid13','xusernm13','xuserpass13',to_date('2019/04/04','YYYY/MM/DD'),'xuseralias13',null,null,null,null,null,null);
Insert into USERS (USERID,USERNM,PASS,REG_DT,ALIAS,ADDR1,ADDR2,ZIPCODE,FILENAME,REALFILENAME,REALFILENAME2) values ('xuserid14','xusernm14','xuserpass14',to_date('2019/03/25','YYYY/MM/DD'),'xuseralias14',null,null,null,null,null,null);
Insert into USERS (USERID,USERNM,PASS,REG_DT,ALIAS,ADDR1,ADDR2,ZIPCODE,FILENAME,REALFILENAME,REALFILENAME2) values ('xuserid15','xusernm15','xuserpass15',to_date('2019/03/15','YYYY/MM/DD'),'xuseralias15',null,null,null,null,null,null);
Insert into USERS (USERID,USERNM,PASS,REG_DT,ALIAS,ADDR1,ADDR2,ZIPCODE,FILENAME,REALFILENAME,REALFILENAME2) values ('xuserid16','xusernm16','xuserpass16',to_date('2019/03/05','YYYY/MM/DD'),'xuseralias16',null,null,null,null,null,null);
Insert into USERS (USERID,USERNM,PASS,REG_DT,ALIAS,ADDR1,ADDR2,ZIPCODE,FILENAME,REALFILENAME,REALFILENAME2) values ('xuserid17','xusernm17','xuserpass17',to_date('2019/02/23','YYYY/MM/DD'),'xuseralias17',null,null,null,null,null,null);
Insert into USERS (USERID,USERNM,PASS,REG_DT,ALIAS,ADDR1,ADDR2,ZIPCODE,FILENAME,REALFILENAME,REALFILENAME2) values ('xuserid18','xusernm18','xuserpass18',to_date('2019/02/13','YYYY/MM/DD'),'xuseralias18',null,null,null,null,null,null);
Insert into USERS (USERID,USERNM,PASS,REG_DT,ALIAS,ADDR1,ADDR2,ZIPCODE,FILENAME,REALFILENAME,REALFILENAME2) values ('xuserid19','xusernm19','xuserpass19',to_date('2019/02/03','YYYY/MM/DD'),'xuseralias19',null,null,null,null,null,null);
Insert into USERS (USERID,USERNM,PASS,REG_DT,ALIAS,ADDR1,ADDR2,ZIPCODE,FILENAME,REALFILENAME,REALFILENAME2) values ('xuserid20','xusernm20','xuserpass20',to_date('2019/01/24','YYYY/MM/DD'),'xuseralias20',null,null,null,null,null,null);
Insert into USERS (USERID,USERNM,PASS,REG_DT,ALIAS,ADDR1,ADDR2,ZIPCODE,FILENAME,REALFILENAME,REALFILENAME2) values ('xuserid21','xusernm21','xuserpass21',to_date('2019/01/14','YYYY/MM/DD'),'xuseralias21',null,null,null,null,null,null);
Insert into USERS (USERID,USERNM,PASS,REG_DT,ALIAS,ADDR1,ADDR2,ZIPCODE,FILENAME,REALFILENAME,REALFILENAME2) values ('xuserid22','xusernm22','xuserpass22',to_date('2019/01/04','YYYY/MM/DD'),'xuseralias22',null,null,null,null,null,null);
Insert into USERS (USERID,USERNM,PASS,REG_DT,ALIAS,ADDR1,ADDR2,ZIPCODE,FILENAME,REALFILENAME,REALFILENAME2) values ('xuserid23','xusernm23','xuserpass23',to_date('2018/12/25','YYYY/MM/DD'),'xuseralias23',null,null,null,null,null,null);
Insert into USERS (USERID,USERNM,PASS,REG_DT,ALIAS,ADDR1,ADDR2,ZIPCODE,FILENAME,REALFILENAME,REALFILENAME2) values ('xuserid24','xusernm24','xuserpass24',to_date('2018/12/15','YYYY/MM/DD'),'xuseralias24',null,null,null,null,null,null);
Insert into USERS (USERID,USERNM,PASS,REG_DT,ALIAS,ADDR1,ADDR2,ZIPCODE,FILENAME,REALFILENAME,REALFILENAME2) values ('xuserid25','xusernm25','xuserpass25',to_date('2018/12/05','YYYY/MM/DD'),'xuseralias25',null,null,null,null,null,null);
Insert into USERS (USERID,USERNM,PASS,REG_DT,ALIAS,ADDR1,ADDR2,ZIPCODE,FILENAME,REALFILENAME,REALFILENAME2) values ('xuserid26','xusernm26','xuserpass26',to_date('2018/11/25','YYYY/MM/DD'),'xuseralias26',null,null,null,null,null,null);
Insert into USERS (USERID,USERNM,PASS,REG_DT,ALIAS,ADDR1,ADDR2,ZIPCODE,FILENAME,REALFILENAME,REALFILENAME2) values ('xuserid27','xusernm27','xuserpass27',to_date('2018/11/15','YYYY/MM/DD'),'xuseralias27',null,null,null,null,null,null);
Insert into USERS (USERID,USERNM,PASS,REG_DT,ALIAS,ADDR1,ADDR2,ZIPCODE,FILENAME,REALFILENAME,REALFILENAME2) values ('xuserid28','xusernm28','xuserpass28',to_date('2018/11/05','YYYY/MM/DD'),'xuseralias28',null,null,null,null,null,null);
Insert into USERS (USERID,USERNM,PASS,REG_DT,ALIAS,ADDR1,ADDR2,ZIPCODE,FILENAME,REALFILENAME,REALFILENAME2) values ('xuserid29','xusernm29','xuserpass29',to_date('2018/10/26','YYYY/MM/DD'),'xuseralias29',null,null,null,null,null,null);
Insert into USERS (USERID,USERNM,PASS,REG_DT,ALIAS,ADDR1,ADDR2,ZIPCODE,FILENAME,REALFILENAME,REALFILENAME2) values ('xuserid30','xusernm30','xuserpass30',to_date('2018/10/16','YYYY/MM/DD'),'xuseralias30',null,null,null,null,null,null);
Insert into USERS (USERID,USERNM,PASS,REG_DT,ALIAS,ADDR1,ADDR2,ZIPCODE,FILENAME,REALFILENAME,REALFILENAME2) values ('xuserid31','xusernm31','xuserpass31',to_date('2018/10/06','YYYY/MM/DD'),'xuseralias31',null,null,null,null,null,null);
Insert into USERS (USERID,USERNM,PASS,REG_DT,ALIAS,ADDR1,ADDR2,ZIPCODE,FILENAME,REALFILENAME,REALFILENAME2) values ('xuserid32','xusernm32','xuserpass32',to_date('2018/09/26','YYYY/MM/DD'),'xuseralias32',null,null,null,null,null,null);
Insert into USERS (USERID,USERNM,PASS,REG_DT,ALIAS,ADDR1,ADDR2,ZIPCODE,FILENAME,REALFILENAME,REALFILENAME2) values ('xuserid33','xusernm33','xuserpass33',to_date('2018/09/16','YYYY/MM/DD'),'xuseralias33',null,null,null,null,null,null);
Insert into USERS (USERID,USERNM,PASS,REG_DT,ALIAS,ADDR1,ADDR2,ZIPCODE,FILENAME,REALFILENAME,REALFILENAME2) values ('xuserid34','xusernm34','xuserpass34',to_date('2018/09/06','YYYY/MM/DD'),'xuseralias34',null,null,null,null,null,null);
Insert into USERS (USERID,USERNM,PASS,REG_DT,ALIAS,ADDR1,ADDR2,ZIPCODE,FILENAME,REALFILENAME,REALFILENAME2) values ('xuserid35','xusernm35','xuserpass35',to_date('2018/08/27','YYYY/MM/DD'),'xuseralias35',null,null,null,null,null,null);
Insert into USERS (USERID,USERNM,PASS,REG_DT,ALIAS,ADDR1,ADDR2,ZIPCODE,FILENAME,REALFILENAME,REALFILENAME2) values ('xuserid36','xusernm36','xuserpass36',to_date('2018/08/17','YYYY/MM/DD'),'xuseralias36',null,null,null,null,null,null);
Insert into USERS (USERID,USERNM,PASS,REG_DT,ALIAS,ADDR1,ADDR2,ZIPCODE,FILENAME,REALFILENAME,REALFILENAME2) values ('xuserid37','xusernm37','xuserpass37',to_date('2018/08/07','YYYY/MM/DD'),'xuseralias37',null,null,null,null,null,null);
Insert into USERS (USERID,USERNM,PASS,REG_DT,ALIAS,ADDR1,ADDR2,ZIPCODE,FILENAME,REALFILENAME,REALFILENAME2) values ('xuserid38','xusernm38','xuserpass38',to_date('2018/07/28','YYYY/MM/DD'),'xuseralias38',null,null,null,null,null,null);
Insert into USERS (USERID,USERNM,PASS,REG_DT,ALIAS,ADDR1,ADDR2,ZIPCODE,FILENAME,REALFILENAME,REALFILENAME2) values ('xuserid39','xusernm39','xuserpass39',to_date('2018/07/18','YYYY/MM/DD'),'xuseralias39',null,null,null,null,null,null);
Insert into USERS (USERID,USERNM,PASS,REG_DT,ALIAS,ADDR1,ADDR2,ZIPCODE,FILENAME,REALFILENAME,REALFILENAME2) values ('xuserid40','xusernm40','xuserpass40',to_date('2018/07/08','YYYY/MM/DD'),'xuseralias40',null,null,null,null,null,null);
Insert into USERS (USERID,USERNM,PASS,REG_DT,ALIAS,ADDR1,ADDR2,ZIPCODE,FILENAME,REALFILENAME,REALFILENAME2) values ('xuserid41','xusernm41','xuserpass41',to_date('2018/06/28','YYYY/MM/DD'),'xuseralias41',null,null,null,null,null,null);
Insert into USERS (USERID,USERNM,PASS,REG_DT,ALIAS,ADDR1,ADDR2,ZIPCODE,FILENAME,REALFILENAME,REALFILENAME2) values ('xuserid42','xusernm42','xuserpass42',to_date('2018/06/18','YYYY/MM/DD'),'xuseralias42',null,null,null,null,null,null);
Insert into USERS (USERID,USERNM,PASS,REG_DT,ALIAS,ADDR1,ADDR2,ZIPCODE,FILENAME,REALFILENAME,REALFILENAME2) values ('xuserid43','xusernm43','xuserpass43',to_date('2018/06/08','YYYY/MM/DD'),'xuseralias43',null,null,null,null,null,null);
Insert into USERS (USERID,USERNM,PASS,REG_DT,ALIAS,ADDR1,ADDR2,ZIPCODE,FILENAME,REALFILENAME,REALFILENAME2) values ('xuserid44','xusernm44','xuserpass44',to_date('2018/05/29','YYYY/MM/DD'),'xuseralias44',null,null,null,null,null,null);
Insert into USERS (USERID,USERNM,PASS,REG_DT,ALIAS,ADDR1,ADDR2,ZIPCODE,FILENAME,REALFILENAME,REALFILENAME2) values ('xuserid45','xusernm45','xuserpass45',to_date('2018/05/19','YYYY/MM/DD'),'xuseralias45',null,null,null,null,null,null);
Insert into USERS (USERID,USERNM,PASS,REG_DT,ALIAS,ADDR1,ADDR2,ZIPCODE,FILENAME,REALFILENAME,REALFILENAME2) values ('xuserid46','xusernm46','xuserpass46',to_date('2018/05/09','YYYY/MM/DD'),'xuseralias46',null,null,null,null,null,null);
Insert into USERS (USERID,USERNM,PASS,REG_DT,ALIAS,ADDR1,ADDR2,ZIPCODE,FILENAME,REALFILENAME,REALFILENAME2) values ('xuserid47','xusernm47','xuserpass47',to_date('2018/04/29','YYYY/MM/DD'),'xuseralias47',null,null,null,null,null,null);
Insert into USERS (USERID,USERNM,PASS,REG_DT,ALIAS,ADDR1,ADDR2,ZIPCODE,FILENAME,REALFILENAME,REALFILENAME2) values ('xuserid48','xusernm48','xuserpass48',to_date('2018/04/19','YYYY/MM/DD'),'xuseralias48',null,null,null,null,null,null);
Insert into USERS (USERID,USERNM,PASS,REG_DT,ALIAS,ADDR1,ADDR2,ZIPCODE,FILENAME,REALFILENAME,REALFILENAME2) values ('xuserid49','xusernm49','xuserpass49',to_date('2018/04/09','YYYY/MM/DD'),'xuseralias49',null,null,null,null,null,null);
Insert into USERS (USERID,USERNM,PASS,REG_DT,ALIAS,ADDR1,ADDR2,ZIPCODE,FILENAME,REALFILENAME,REALFILENAME2) values ('xuserid50','xusernm50','xuserpass50',to_date('2018/03/30','YYYY/MM/DD'),'xuseralias50',null,null,null,null,null,null);
Insert into USERS (USERID,USERNM,PASS,REG_DT,ALIAS,ADDR1,ADDR2,ZIPCODE,FILENAME,REALFILENAME,REALFILENAME2) values ('xuserid51','xusernm51','xuserpass51',to_date('2018/03/20','YYYY/MM/DD'),'xuseralias51',null,null,null,null,null,null);
Insert into USERS (USERID,USERNM,PASS,REG_DT,ALIAS,ADDR1,ADDR2,ZIPCODE,FILENAME,REALFILENAME,REALFILENAME2) values ('xuserid52','xusernm52','xuserpass52',to_date('2018/03/10','YYYY/MM/DD'),'xuseralias52',null,null,null,null,null,null);
Insert into USERS (USERID,USERNM,PASS,REG_DT,ALIAS,ADDR1,ADDR2,ZIPCODE,FILENAME,REALFILENAME,REALFILENAME2) values ('xuserid53','xusernm53','xuserpass53',to_date('2018/02/28','YYYY/MM/DD'),'xuseralias53',null,null,null,null,null,null);
Insert into USERS (USERID,USERNM,PASS,REG_DT,ALIAS,ADDR1,ADDR2,ZIPCODE,FILENAME,REALFILENAME,REALFILENAME2) values ('xuserid54','xusernm54','xuserpass54',to_date('2018/02/18','YYYY/MM/DD'),'xuseralias54',null,null,null,null,null,null);
Insert into USERS (USERID,USERNM,PASS,REG_DT,ALIAS,ADDR1,ADDR2,ZIPCODE,FILENAME,REALFILENAME,REALFILENAME2) values ('xuserid55','xusernm55','xuserpass55',to_date('2018/02/08','YYYY/MM/DD'),'xuseralias55',null,null,null,null,null,null);
Insert into USERS (USERID,USERNM,PASS,REG_DT,ALIAS,ADDR1,ADDR2,ZIPCODE,FILENAME,REALFILENAME,REALFILENAME2) values ('xuserid56','xusernm56','xuserpass56',to_date('2018/01/29','YYYY/MM/DD'),'xuseralias56',null,null,null,null,null,null);
Insert into USERS (USERID,USERNM,PASS,REG_DT,ALIAS,ADDR1,ADDR2,ZIPCODE,FILENAME,REALFILENAME,REALFILENAME2) values ('xuserid57','xusernm57','xuserpass57',to_date('2018/01/19','YYYY/MM/DD'),'xuseralias57',null,null,null,null,null,null);
Insert into USERS (USERID,USERNM,PASS,REG_DT,ALIAS,ADDR1,ADDR2,ZIPCODE,FILENAME,REALFILENAME,REALFILENAME2) values ('xuserid58','xusernm58','xuserpass58',to_date('2018/01/09','YYYY/MM/DD'),'xuseralias58',null,null,null,null,null,null);
Insert into USERS (USERID,USERNM,PASS,REG_DT,ALIAS,ADDR1,ADDR2,ZIPCODE,FILENAME,REALFILENAME,REALFILENAME2) values ('xuserid59','xusernm59','xuserpass59',to_date('2017/12/30','YYYY/MM/DD'),'xuseralias59',null,null,null,null,null,null);
Insert into USERS (USERID,USERNM,PASS,REG_DT,ALIAS,ADDR1,ADDR2,ZIPCODE,FILENAME,REALFILENAME,REALFILENAME2) values ('xuserid60','xusernm60','xuserpass60',to_date('2017/12/20','YYYY/MM/DD'),'xuseralias60',null,null,null,null,null,null);
Insert into USERS (USERID,USERNM,PASS,REG_DT,ALIAS,ADDR1,ADDR2,ZIPCODE,FILENAME,REALFILENAME,REALFILENAME2) values ('xuserid61','xusernm61','xuserpass61',to_date('2017/12/10','YYYY/MM/DD'),'xuseralias61',null,null,null,null,null,null);
Insert into USERS (USERID,USERNM,PASS,REG_DT,ALIAS,ADDR1,ADDR2,ZIPCODE,FILENAME,REALFILENAME,REALFILENAME2) values ('xuserid62','xusernm62','xuserpass62',to_date('2017/11/30','YYYY/MM/DD'),'xuseralias62',null,null,null,null,null,null);
Insert into USERS (USERID,USERNM,PASS,REG_DT,ALIAS,ADDR1,ADDR2,ZIPCODE,FILENAME,REALFILENAME,REALFILENAME2) values ('xuserid63','xusernm63','xuserpass63',to_date('2017/11/20','YYYY/MM/DD'),'xuseralias63',null,null,null,null,null,null);
Insert into USERS (USERID,USERNM,PASS,REG_DT,ALIAS,ADDR1,ADDR2,ZIPCODE,FILENAME,REALFILENAME,REALFILENAME2) values ('xuserid64','xusernm64','xuserpass64',to_date('2017/11/10','YYYY/MM/DD'),'xuseralias64',null,null,null,null,null,null);
Insert into USERS (USERID,USERNM,PASS,REG_DT,ALIAS,ADDR1,ADDR2,ZIPCODE,FILENAME,REALFILENAME,REALFILENAME2) values ('xuserid65','xusernm65','xuserpass65',to_date('2017/10/31','YYYY/MM/DD'),'xuseralias65',null,null,null,null,null,null);
Insert into USERS (USERID,USERNM,PASS,REG_DT,ALIAS,ADDR1,ADDR2,ZIPCODE,FILENAME,REALFILENAME,REALFILENAME2) values ('xuserid66','xusernm66','xuserpass66',to_date('2017/10/21','YYYY/MM/DD'),'xuseralias66',null,null,null,null,null,null);
Insert into USERS (USERID,USERNM,PASS,REG_DT,ALIAS,ADDR1,ADDR2,ZIPCODE,FILENAME,REALFILENAME,REALFILENAME2) values ('xuserid67','xusernm67','xuserpass67',to_date('2017/10/11','YYYY/MM/DD'),'xuseralias67',null,null,null,null,null,null);
Insert into USERS (USERID,USERNM,PASS,REG_DT,ALIAS,ADDR1,ADDR2,ZIPCODE,FILENAME,REALFILENAME,REALFILENAME2) values ('xuserid68','xusernm68','xuserpass68',to_date('2017/10/01','YYYY/MM/DD'),'xuseralias68',null,null,null,null,null,null);
Insert into USERS (USERID,USERNM,PASS,REG_DT,ALIAS,ADDR1,ADDR2,ZIPCODE,FILENAME,REALFILENAME,REALFILENAME2) values ('xuserid69','xusernm69','xuserpass69',to_date('2017/09/21','YYYY/MM/DD'),'xuseralias69',null,null,null,null,null,null);
Insert into USERS (USERID,USERNM,PASS,REG_DT,ALIAS,ADDR1,ADDR2,ZIPCODE,FILENAME,REALFILENAME,REALFILENAME2) values ('xuserid70','xusernm70','xuserpass70',to_date('2017/09/11','YYYY/MM/DD'),'xuseralias70',null,null,null,null,null,null);
Insert into USERS (USERID,USERNM,PASS,REG_DT,ALIAS,ADDR1,ADDR2,ZIPCODE,FILENAME,REALFILENAME,REALFILENAME2) values ('xuserid71','xusernm71','xuserpass71',to_date('2017/09/01','YYYY/MM/DD'),'xuseralias71',null,null,null,null,null,null);
Insert into USERS (USERID,USERNM,PASS,REG_DT,ALIAS,ADDR1,ADDR2,ZIPCODE,FILENAME,REALFILENAME,REALFILENAME2) values ('xuserid72','xusernm72','xuserpass72',to_date('2017/08/22','YYYY/MM/DD'),'xuseralias72',null,null,null,null,null,null);
Insert into USERS (USERID,USERNM,PASS,REG_DT,ALIAS,ADDR1,ADDR2,ZIPCODE,FILENAME,REALFILENAME,REALFILENAME2) values ('xuserid73','xusernm73','xuserpass73',to_date('2017/08/12','YYYY/MM/DD'),'xuseralias73',null,null,null,null,null,null);
Insert into USERS (USERID,USERNM,PASS,REG_DT,ALIAS,ADDR1,ADDR2,ZIPCODE,FILENAME,REALFILENAME,REALFILENAME2) values ('xuserid74','xusernm74','xuserpass74',to_date('2017/08/02','YYYY/MM/DD'),'xuseralias74',null,null,null,null,null,null);
Insert into USERS (USERID,USERNM,PASS,REG_DT,ALIAS,ADDR1,ADDR2,ZIPCODE,FILENAME,REALFILENAME,REALFILENAME2) values ('xuserid75','xusernm75','xuserpass75',to_date('2017/07/23','YYYY/MM/DD'),'xuseralias75',null,null,null,null,null,null);
Insert into USERS (USERID,USERNM,PASS,REG_DT,ALIAS,ADDR1,ADDR2,ZIPCODE,FILENAME,REALFILENAME,REALFILENAME2) values ('xuserid76','xusernm76','xuserpass76',to_date('2017/07/13','YYYY/MM/DD'),'xuseralias76',null,null,null,null,null,null);
Insert into USERS (USERID,USERNM,PASS,REG_DT,ALIAS,ADDR1,ADDR2,ZIPCODE,FILENAME,REALFILENAME,REALFILENAME2) values ('xuserid77','xusernm77','xuserpass77',to_date('2017/07/03','YYYY/MM/DD'),'xuseralias77',null,null,null,null,null,null);
Insert into USERS (USERID,USERNM,PASS,REG_DT,ALIAS,ADDR1,ADDR2,ZIPCODE,FILENAME,REALFILENAME,REALFILENAME2) values ('xuserid78','xusernm78','xuserpass78',to_date('2017/06/23','YYYY/MM/DD'),'xuseralias78',null,null,null,null,null,null);
Insert into USERS (USERID,USERNM,PASS,REG_DT,ALIAS,ADDR1,ADDR2,ZIPCODE,FILENAME,REALFILENAME,REALFILENAME2) values ('xuserid79','xusernm79','xuserpass79',to_date('2017/06/13','YYYY/MM/DD'),'xuseralias79',null,null,null,null,null,null);
Insert into USERS (USERID,USERNM,PASS,REG_DT,ALIAS,ADDR1,ADDR2,ZIPCODE,FILENAME,REALFILENAME,REALFILENAME2) values ('xuserid80','xusernm80','xuserpass80',to_date('2017/06/03','YYYY/MM/DD'),'xuseralias80',null,null,null,null,null,null);
Insert into USERS (USERID,USERNM,PASS,REG_DT,ALIAS,ADDR1,ADDR2,ZIPCODE,FILENAME,REALFILENAME,REALFILENAME2) values ('xuserid81','xusernm81','xuserpass81',to_date('2017/05/24','YYYY/MM/DD'),'xuseralias81',null,null,null,null,null,null);
Insert into USERS (USERID,USERNM,PASS,REG_DT,ALIAS,ADDR1,ADDR2,ZIPCODE,FILENAME,REALFILENAME,REALFILENAME2) values ('xuserid82','xusernm82','xuserpass82',to_date('2017/05/14','YYYY/MM/DD'),'xuseralias82',null,null,null,null,null,null);
Insert into USERS (USERID,USERNM,PASS,REG_DT,ALIAS,ADDR1,ADDR2,ZIPCODE,FILENAME,REALFILENAME,REALFILENAME2) values ('xuserid83','xusernm83','xuserpass83',to_date('2017/05/04','YYYY/MM/DD'),'xuseralias83',null,null,null,null,null,null);
Insert into USERS (USERID,USERNM,PASS,REG_DT,ALIAS,ADDR1,ADDR2,ZIPCODE,FILENAME,REALFILENAME,REALFILENAME2) values ('xuserid84','xusernm84','xuserpass84',to_date('2017/04/24','YYYY/MM/DD'),'xuseralias84',null,null,null,null,null,null);
Insert into USERS (USERID,USERNM,PASS,REG_DT,ALIAS,ADDR1,ADDR2,ZIPCODE,FILENAME,REALFILENAME,REALFILENAME2) values ('xuserid85','xusernm85','xuserpass85',to_date('2017/04/14','YYYY/MM/DD'),'xuseralias85',null,null,null,null,null,null);
Insert into USERS (USERID,USERNM,PASS,REG_DT,ALIAS,ADDR1,ADDR2,ZIPCODE,FILENAME,REALFILENAME,REALFILENAME2) values ('xuserid86','xusernm86','xuserpass86',to_date('2017/04/04','YYYY/MM/DD'),'xuseralias86',null,null,null,null,null,null);
Insert into USERS (USERID,USERNM,PASS,REG_DT,ALIAS,ADDR1,ADDR2,ZIPCODE,FILENAME,REALFILENAME,REALFILENAME2) values ('xuserid87','xusernm87','xuserpass87',to_date('2017/03/25','YYYY/MM/DD'),'xuseralias87',null,null,null,null,null,null);
Insert into USERS (USERID,USERNM,PASS,REG_DT,ALIAS,ADDR1,ADDR2,ZIPCODE,FILENAME,REALFILENAME,REALFILENAME2) values ('xuserid88','xusernm88','xuserpass88',to_date('2017/03/15','YYYY/MM/DD'),'xuseralias88',null,null,null,null,null,null);
Insert into USERS (USERID,USERNM,PASS,REG_DT,ALIAS,ADDR1,ADDR2,ZIPCODE,FILENAME,REALFILENAME,REALFILENAME2) values ('xuserid89','xusernm89','xuserpass89',to_date('2017/03/05','YYYY/MM/DD'),'xuseralias89',null,null,null,null,null,null);
Insert into USERS (USERID,USERNM,PASS,REG_DT,ALIAS,ADDR1,ADDR2,ZIPCODE,FILENAME,REALFILENAME,REALFILENAME2) values ('xuserid90','xusernm90','xuserpass90',to_date('2017/02/23','YYYY/MM/DD'),'xuseralias90',null,null,null,null,null,null);
Insert into USERS (USERID,USERNM,PASS,REG_DT,ALIAS,ADDR1,ADDR2,ZIPCODE,FILENAME,REALFILENAME,REALFILENAME2) values ('xuserid91','xusernm91','xuserpass91',to_date('2017/02/13','YYYY/MM/DD'),'xuseralias91',null,null,null,null,null,null);
Insert into USERS (USERID,USERNM,PASS,REG_DT,ALIAS,ADDR1,ADDR2,ZIPCODE,FILENAME,REALFILENAME,REALFILENAME2) values ('xuserid92','xusernm92','xuserpass92',to_date('2017/02/03','YYYY/MM/DD'),'xuseralias92',null,null,null,null,null,null);
Insert into USERS (USERID,USERNM,PASS,REG_DT,ALIAS,ADDR1,ADDR2,ZIPCODE,FILENAME,REALFILENAME,REALFILENAME2) values ('xuserid93','xusernm93','xuserpass93',to_date('2017/01/24','YYYY/MM/DD'),'xuseralias93',null,null,null,null,null,null);
Insert into USERS (USERID,USERNM,PASS,REG_DT,ALIAS,ADDR1,ADDR2,ZIPCODE,FILENAME,REALFILENAME,REALFILENAME2) values ('xuserid94','xusernm94','xuserpass94',to_date('2017/01/14','YYYY/MM/DD'),'xuseralias94',null,null,null,null,null,null);
Insert into USERS (USERID,USERNM,PASS,REG_DT,ALIAS,ADDR1,ADDR2,ZIPCODE,FILENAME,REALFILENAME,REALFILENAME2) values ('xuserid95','xusernm95','xuserpass95',to_date('2017/01/04','YYYY/MM/DD'),'xuseralias95',null,null,null,null,null,null);
Insert into USERS (USERID,USERNM,PASS,REG_DT,ALIAS,ADDR1,ADDR2,ZIPCODE,FILENAME,REALFILENAME,REALFILENAME2) values ('xuserid96','xusernm96','xuserpass96',to_date('2016/12/25','YYYY/MM/DD'),'xuseralias96',null,null,null,null,null,null);
Insert into USERS (USERID,USERNM,PASS,REG_DT,ALIAS,ADDR1,ADDR2,ZIPCODE,FILENAME,REALFILENAME,REALFILENAME2) values ('xuserid97','xusernm97','xuserpass97',to_date('2016/12/15','YYYY/MM/DD'),'xuseralias97',null,null,null,null,null,null);
Insert into USERS (USERID,USERNM,PASS,REG_DT,ALIAS,ADDR1,ADDR2,ZIPCODE,FILENAME,REALFILENAME,REALFILENAME2) values ('xuserid98','xusernm98','xuserpass98',to_date('2016/12/05','YYYY/MM/DD'),'xuseralias98',null,null,null,null,null,null);
Insert into USERS (USERID,USERNM,PASS,REG_DT,ALIAS,ADDR1,ADDR2,ZIPCODE,FILENAME,REALFILENAME,REALFILENAME2) values ('xuserid99','xusernm99','xuserpass99',to_date('2016/11/25','YYYY/MM/DD'),'xuseralias99',null,null,null,null,null,null);
Insert into USERS (USERID,USERNM,PASS,REG_DT,ALIAS,ADDR1,ADDR2,ZIPCODE,FILENAME,REALFILENAME,REALFILENAME2) values ('xuserid100','xusernm100','xuserpass100',to_date('2016/11/15','YYYY/MM/DD'),'xuseralias100',null,null,null,null,null,null);

Insert into BOARD1 (BOARDNUM,BOARDNM,USESTATUS,BOARDDATE,USERID) values (1,'자유게시판','Y',to_date('2019/08/28','YYYY/MM/DD'),'cony');
Insert into BOARD1 (BOARDNUM,BOARDNM,USESTATUS,BOARDDATE,USERID) values (2,'QnA','Y',to_date('2019/08/28','YYYY/MM/DD'),'cony');
Insert into BOARD1 (BOARDNUM,BOARDNM,USESTATUS,BOARDDATE,USERID) values (6,'하하','Y',to_date('2019/08/29','YYYY/MM/DD'),'cony');
Insert into BOARD1 (BOARDNUM,BOARDNM,USESTATUS,BOARDDATE,USERID) values (41,'ㅋㅋㅋㅋㅋ','N',to_date('2019/09/18','YYYY/MM/DD'),'brown');
Insert into BOARD1 (BOARDNUM,BOARDNM,USESTATUS,BOARDDATE,USERID) values (42,'추가','N',to_date('2019/09/19','YYYY/MM/DD'),'brown');

Insert into POST (POSTNUM,POSTNM,POSTDATE,DELSTATUS,USERID,BOARDNUM,POSTNUM2,GN) values (17,'asfasdfasf',to_date('2019/08/30','YYYY/MM/DD'),'N','cony',1,null,9);
Insert into POST (POSTNUM,POSTNM,POSTDATE,DELSTATUS,USERID,BOARDNUM,POSTNUM2,GN) values (11,'테스트',to_date('2019/08/30','YYYY/MM/DD'),'N','cony',1,8,4);
Insert into POST (POSTNUM,POSTNM,POSTDATE,DELSTATUS,USERID,BOARDNUM,POSTNUM2,GN) values (18,'asdgsadg',to_date('2019/08/30','YYYY/MM/DD'),'N','cony',1,null,10);
Insert into POST (POSTNUM,POSTNM,POSTDATE,DELSTATUS,USERID,BOARDNUM,POSTNUM2,GN) values (15,'asdfasdf',to_date('2019/08/30','YYYY/MM/DD'),'N','cony',1,null,7);
Insert into POST (POSTNUM,POSTNM,POSTDATE,DELSTATUS,USERID,BOARDNUM,POSTNUM2,GN) values (16,'asdfasf',to_date('2019/08/30','YYYY/MM/DD'),'N','cony',1,null,8);
Insert into POST (POSTNUM,POSTNM,POSTDATE,DELSTATUS,USERID,BOARDNUM,POSTNUM2,GN) values (20,'sfsadfsad',to_date('2019/08/31','YYYY/MM/DD'),'N','cony',1,null,11);
Insert into POST (POSTNUM,POSTNM,POSTDATE,DELSTATUS,USERID,BOARDNUM,POSTNUM2,GN) values (21,'가나다',to_date('2019/08/31','YYYY/MM/DD'),'N','cony',1,null,12);
Insert into POST (POSTNUM,POSTNM,POSTDATE,DELSTATUS,USERID,BOARDNUM,POSTNUM2,GN) values (22,'ㅁㅎㅁㅎㅁㅎ',to_date('2019/08/31','YYYY/MM/DD'),'N','cony',1,null,13);
Insert into POST (POSTNUM,POSTNM,POSTDATE,DELSTATUS,USERID,BOARDNUM,POSTNUM2,GN) values (8,'테스트',to_date('2019/08/30','YYYY/MM/DD'),'N','cony',1,null,4);
Insert into POST (POSTNUM,POSTNM,POSTDATE,DELSTATUS,USERID,BOARDNUM,POSTNUM2,GN) values (23,'ㄴㅁㅇㄹㄴㅁㅎㅁㅎㅇ로',to_date('2019/08/31','YYYY/MM/DD'),'N','cony',1,null,14);
Insert into POST (POSTNUM,POSTNM,POSTDATE,DELSTATUS,USERID,BOARDNUM,POSTNUM2,GN) values (24,'ㅁㅎㅁㅎ옹로',to_date('2019/08/31','YYYY/MM/DD'),'N','cony',1,null,15);
Insert into POST (POSTNUM,POSTNM,POSTDATE,DELSTATUS,USERID,BOARDNUM,POSTNUM2,GN) values (25,'ㅁㅎㅁㅎ옹로',to_date('2019/08/31','YYYY/MM/DD'),'Y','cony',1,null,16);
Insert into POST (POSTNUM,POSTNM,POSTDATE,DELSTATUS,USERID,BOARDNUM,POSTNUM2,GN) values (26,'asfasdf',to_date('2019/08/31','YYYY/MM/DD'),'N','cony',1,null,17);
Insert into POST (POSTNUM,POSTNM,POSTDATE,DELSTATUS,USERID,BOARDNUM,POSTNUM2,GN) values (27,'제발',to_date('2019/09/02','YYYY/MM/DD'),'Y','cony',1,null,18);
Insert into POST (POSTNUM,POSTNM,POSTDATE,DELSTATUS,USERID,BOARDNUM,POSTNUM2,GN) values (28,'asdfsadf',to_date('2019/08/31','YYYY/MM/DD'),'Y','cony',1,null,19);
Insert into POST (POSTNUM,POSTNM,POSTDATE,DELSTATUS,USERID,BOARDNUM,POSTNUM2,GN) values (29,'asdfasf',to_date('2019/08/31','YYYY/MM/DD'),'Y','cony',1,null,20);
Insert into POST (POSTNUM,POSTNM,POSTDATE,DELSTATUS,USERID,BOARDNUM,POSTNUM2,GN) values (30,'수정테스트',to_date('2019/09/03','YYYY/MM/DD'),'N','cony',1,null,21);
Insert into POST (POSTNUM,POSTNM,POSTDATE,DELSTATUS,USERID,BOARDNUM,POSTNUM2,GN) values (32,'asdf',to_date('2019/08/31','YYYY/MM/DD'),'Y','cony',1,25,16);
Insert into POST (POSTNUM,POSTNM,POSTDATE,DELSTATUS,USERID,BOARDNUM,POSTNUM2,GN) values (34,'moon 글작성입니다.',to_date('2019/09/02','YYYY/MM/DD'),'N','moon',1,null,22);
Insert into POST (POSTNUM,POSTNM,POSTDATE,DELSTATUS,USERID,BOARDNUM,POSTNUM2,GN) values (35,'moon 글작성입니다.',to_date('2019/09/02','YYYY/MM/DD'),'N','moon',1,null,23);
Insert into POST (POSTNUM,POSTNM,POSTDATE,DELSTATUS,USERID,BOARDNUM,POSTNUM2,GN) values (40,'asdfasdf',to_date('2019/09/02','YYYY/MM/DD'),'N','cony',1,null,24);
Insert into POST (POSTNUM,POSTNM,POSTDATE,DELSTATUS,USERID,BOARDNUM,POSTNUM2,GN) values (41,'수정테스트2',to_date('2019/09/02','YYYY/MM/DD'),'N','cony',1,null,25);
Insert into POST (POSTNUM,POSTNM,POSTDATE,DELSTATUS,USERID,BOARDNUM,POSTNUM2,GN) values (42,'수정테스트2',to_date('2019/09/02','YYYY/MM/DD'),'Y','cony',1,null,26);
Insert into POST (POSTNUM,POSTNM,POSTDATE,DELSTATUS,USERID,BOARDNUM,POSTNUM2,GN) values (43,'수정테스트2',to_date('2019/09/02','YYYY/MM/DD'),'Y','cony',1,null,27);
Insert into POST (POSTNUM,POSTNM,POSTDATE,DELSTATUS,USERID,BOARDNUM,POSTNUM2,GN) values (44,'sdfasfsad',to_date('2019/09/02','YYYY/MM/DD'),'N','cony',1,41,25);
Insert into POST (POSTNUM,POSTNM,POSTDATE,DELSTATUS,USERID,BOARDNUM,POSTNUM2,GN) values (46,'sdfasfsad',to_date('2019/09/02','YYYY/MM/DD'),'N','cony',1,41,25);
Insert into POST (POSTNUM,POSTNM,POSTDATE,DELSTATUS,USERID,BOARDNUM,POSTNUM2,GN) values (49,'테스트',to_date('2019/09/02','YYYY/MM/DD'),'Y','cony',1,null,28);
Insert into POST (POSTNUM,POSTNM,POSTDATE,DELSTATUS,USERID,BOARDNUM,POSTNUM2,GN) values (50,'답글',to_date('2019/09/02','YYYY/MM/DD'),'N','cony',1,49,28);
Insert into POST (POSTNUM,POSTNM,POSTDATE,DELSTATUS,USERID,BOARDNUM,POSTNUM2,GN) values (53,'asdfasd',to_date('2019/09/02','YYYY/MM/DD'),'N','cony',1,50,28);
Insert into POST (POSTNUM,POSTNM,POSTDATE,DELSTATUS,USERID,BOARDNUM,POSTNUM2,GN) values (56,'asdfasdf',to_date('2019/09/02','YYYY/MM/DD'),'N','moon',1,null,29);
Insert into POST (POSTNUM,POSTNM,POSTDATE,DELSTATUS,USERID,BOARDNUM,POSTNUM2,GN) values (57,'xptmxm',to_date('2019/09/02','YYYY/MM/DD'),'Y','cony',2,null,30);
Insert into POST (POSTNUM,POSTNM,POSTDATE,DELSTATUS,USERID,BOARDNUM,POSTNUM2,GN) values (58,'asdfasdf',to_date('2019/09/02','YYYY/MM/DD'),'N','cony',2,null,31);
Insert into POST (POSTNUM,POSTNM,POSTDATE,DELSTATUS,USERID,BOARDNUM,POSTNUM2,GN) values (59,'ㅁㄴㅇㄹㄴㅇㅁㄹ',to_date('2019/09/02','YYYY/MM/DD'),'N','cony',2,null,32);
Insert into POST (POSTNUM,POSTNM,POSTDATE,DELSTATUS,USERID,BOARDNUM,POSTNUM2,GN) values (60,'ㅇㄹㄶ',to_date('2019/09/02','YYYY/MM/DD'),'N','cony',1,null,33);
Insert into POST (POSTNUM,POSTNM,POSTDATE,DELSTATUS,USERID,BOARDNUM,POSTNUM2,GN) values (61,'수정테스트1',to_date('2019/09/02','YYYY/MM/DD'),'N','cony',1,null,34);
Insert into POST (POSTNUM,POSTNM,POSTDATE,DELSTATUS,USERID,BOARDNUM,POSTNUM2,GN) values (62,'fghdgh',to_date('2019/09/02','YYYY/MM/DD'),'Y','cony',1,null,35);
Insert into POST (POSTNUM,POSTNM,POSTDATE,DELSTATUS,USERID,BOARDNUM,POSTNUM2,GN) values (63,'답글',to_date('2019/09/02','YYYY/MM/DD'),'N','cony',1,62,35);
Insert into POST (POSTNUM,POSTNM,POSTDATE,DELSTATUS,USERID,BOARDNUM,POSTNUM2,GN) values (65,'오예ㅔㅇ애아ㅓㅣ',to_date('2019/09/02','YYYY/MM/DD'),'N','cony',1,null,36);
Insert into POST (POSTNUM,POSTNM,POSTDATE,DELSTATUS,USERID,BOARDNUM,POSTNUM2,GN) values (66,'dgdfgdf',to_date('2019/09/02','YYYY/MM/DD'),'N','cony',1,null,37);
Insert into POST (POSTNUM,POSTNM,POSTDATE,DELSTATUS,USERID,BOARDNUM,POSTNUM2,GN) values (68,'수정테스트1',to_date('2019/09/02','YYYY/MM/DD'),'N','cony',1,null,38);
Insert into POST (POSTNUM,POSTNM,POSTDATE,DELSTATUS,USERID,BOARDNUM,POSTNUM2,GN) values (69,'수정테스트2',to_date('2019/09/02','YYYY/MM/DD'),'N','cony',1,null,39);
Insert into POST (POSTNUM,POSTNM,POSTDATE,DELSTATUS,USERID,BOARDNUM,POSTNUM2,GN) values (70,'nvn',to_date('2019/09/02','YYYY/MM/DD'),'N','cony',1,null,40);
Insert into POST (POSTNUM,POSTNM,POSTDATE,DELSTATUS,USERID,BOARDNUM,POSTNUM2,GN) values (71,'수정테스트1',to_date('2019/09/02','YYYY/MM/DD'),'N','cony',1,null,41);
Insert into POST (POSTNUM,POSTNM,POSTDATE,DELSTATUS,USERID,BOARDNUM,POSTNUM2,GN) values (72,'sadfsdaf',to_date('2019/09/02','YYYY/MM/DD'),'N','cony',1,null,42);
Insert into POST (POSTNUM,POSTNM,POSTDATE,DELSTATUS,USERID,BOARDNUM,POSTNUM2,GN) values (73,'수정테스트2',to_date('2019/09/02','YYYY/MM/DD'),'N','cony',1,null,43);
Insert into POST (POSTNUM,POSTNM,POSTDATE,DELSTATUS,USERID,BOARDNUM,POSTNUM2,GN) values (74,'xzvzxv',to_date('2019/09/02','YYYY/MM/DD'),'N','cony',1,null,44);
Insert into POST (POSTNUM,POSTNM,POSTDATE,DELSTATUS,USERID,BOARDNUM,POSTNUM2,GN) values (75,'asdfasdf',to_date('2019/09/02','YYYY/MM/DD'),'N','cony',1,null,45);
Insert into POST (POSTNUM,POSTNM,POSTDATE,DELSTATUS,USERID,BOARDNUM,POSTNUM2,GN) values (76,'gdfg',to_date('2019/09/02','YYYY/MM/DD'),'N','cony',1,null,46);
Insert into POST (POSTNUM,POSTNM,POSTDATE,DELSTATUS,USERID,BOARDNUM,POSTNUM2,GN) values (77,'fhfghf',to_date('2019/09/02','YYYY/MM/DD'),'N','cony',1,null,47);
Insert into POST (POSTNUM,POSTNM,POSTDATE,DELSTATUS,USERID,BOARDNUM,POSTNUM2,GN) values (78,'fhfghf',to_date('2019/09/02','YYYY/MM/DD'),'N','cony',1,null,48);
Insert into POST (POSTNUM,POSTNM,POSTDATE,DELSTATUS,USERID,BOARDNUM,POSTNUM2,GN) values (79,'asdfasdf',to_date('2019/09/02','YYYY/MM/DD'),'N','cony',1,null,49);
Insert into POST (POSTNUM,POSTNM,POSTDATE,DELSTATUS,USERID,BOARDNUM,POSTNUM2,GN) values (80,'asdfasdfsadfas',to_date('2019/09/02','YYYY/MM/DD'),'N','cony',1,null,50);
Insert into POST (POSTNUM,POSTNM,POSTDATE,DELSTATUS,USERID,BOARDNUM,POSTNUM2,GN) values (81,'asdfasd',to_date('2019/09/02','YYYY/MM/DD'),'N','cony',1,null,51);
Insert into POST (POSTNUM,POSTNM,POSTDATE,DELSTATUS,USERID,BOARDNUM,POSTNUM2,GN) values (82,'asdfasdf',to_date('2019/09/02','YYYY/MM/DD'),'N','cony',1,null,52);
Insert into POST (POSTNUM,POSTNM,POSTDATE,DELSTATUS,USERID,BOARDNUM,POSTNUM2,GN) values (83,'dsfgdsf',to_date('2019/09/02','YYYY/MM/DD'),'N','cony',1,null,53);
Insert into POST (POSTNUM,POSTNM,POSTDATE,DELSTATUS,USERID,BOARDNUM,POSTNUM2,GN) values (84,'asdfasdf',to_date('2019/09/02','YYYY/MM/DD'),'N','cony',1,null,54);
Insert into POST (POSTNUM,POSTNM,POSTDATE,DELSTATUS,USERID,BOARDNUM,POSTNUM2,GN) values (85,'asdfasdf',to_date('2019/09/02','YYYY/MM/DD'),'N','cony',1,null,55);
Insert into POST (POSTNUM,POSTNM,POSTDATE,DELSTATUS,USERID,BOARDNUM,POSTNUM2,GN) values (86,'asdfasdfasdfasd',to_date('2019/09/02','YYYY/MM/DD'),'N','cony',1,null,56);
Insert into POST (POSTNUM,POSTNM,POSTDATE,DELSTATUS,USERID,BOARDNUM,POSTNUM2,GN) values (87,'agasdfgas',to_date('2019/09/02','YYYY/MM/DD'),'N','cony',1,null,57);
Insert into POST (POSTNUM,POSTNM,POSTDATE,DELSTATUS,USERID,BOARDNUM,POSTNUM2,GN) values (88,'asdgsadg',to_date('2019/09/02','YYYY/MM/DD'),'Y','cony',1,87,57);
Insert into POST (POSTNUM,POSTNM,POSTDATE,DELSTATUS,USERID,BOARDNUM,POSTNUM2,GN) values (90,'새글작성',to_date('2019/09/03','YYYY/MM/DD'),'Y','cony',1,null,58);
Insert into POST (POSTNUM,POSTNM,POSTDATE,DELSTATUS,USERID,BOARDNUM,POSTNUM2,GN) values (91,'새글작성3',to_date('2019/09/03','YYYY/MM/DD'),'Y','cony',1,null,59);
Insert into POST (POSTNUM,POSTNM,POSTDATE,DELSTATUS,USERID,BOARDNUM,POSTNUM2,GN) values (92,'ㄷㄴㅁㄹ',to_date('2019/09/03','YYYY/MM/DD'),'N','cony',1,85,55);
Insert into POST (POSTNUM,POSTNM,POSTDATE,DELSTATUS,USERID,BOARDNUM,POSTNUM2,GN) values (94,'ㄴㅁㅇㄻㄴㄹ',to_date('2019/09/03','YYYY/MM/DD'),'N','cony',1,92,55);
Insert into POST (POSTNUM,POSTNM,POSTDATE,DELSTATUS,USERID,BOARDNUM,POSTNUM2,GN) values (96,'ㄴㅇㅁㄻ',to_date('2019/09/03','YYYY/MM/DD'),'Y','cony',1,91,59);
Insert into POST (POSTNUM,POSTNM,POSTDATE,DELSTATUS,USERID,BOARDNUM,POSTNUM2,GN) values (98,'새글',to_date('2019/09/03','YYYY/MM/DD'),'Y','cony',1,null,60);
Insert into POST (POSTNUM,POSTNM,POSTDATE,DELSTATUS,USERID,BOARDNUM,POSTNUM2,GN) values (99,'다ㅓ블',to_date('2019/09/03','YYYY/MM/DD'),'Y','cony',1,98,60);
Insert into POST (POSTNUM,POSTNM,POSTDATE,DELSTATUS,USERID,BOARDNUM,POSTNUM2,GN) values (5001,'테스트',to_date('2019/09/03','YYYY/MM/DD'),'N','cony',1,8,4);
Insert into POST (POSTNUM,POSTNM,POSTDATE,DELSTATUS,USERID,BOARDNUM,POSTNUM2,GN) values (5000,'테스트sdfsdf',to_date('2019/09/04','YYYY/MM/DD'),'N','cony',1,null,61);
Insert into POST (POSTNUM,POSTNM,POSTDATE,DELSTATUS,USERID,BOARDNUM,POSTNUM2,GN) values (102,'safsdf',to_date('2019/09/03','YYYY/MM/DD'),'Y','cony',1,null,62);
Insert into POST (POSTNUM,POSTNM,POSTDATE,DELSTATUS,USERID,BOARDNUM,POSTNUM2,GN) values (103,'asfsad',to_date('2019/09/03','YYYY/MM/DD'),'Y','cony',1,102,62);
Insert into POST (POSTNUM,POSTNM,POSTDATE,DELSTATUS,USERID,BOARDNUM,POSTNUM2,GN) values (111,'sdagsdag23123',to_date('2019/09/04','YYYY/MM/DD'),'Y','cony',1,null,69);
Insert into POST (POSTNUM,POSTNM,POSTDATE,DELSTATUS,USERID,BOARDNUM,POSTNUM2,GN) values (112,'dfsa',to_date('2019/09/04','YYYY/MM/DD'),'N','cony',1,null,70);
Insert into POST (POSTNUM,POSTNM,POSTDATE,DELSTATUS,USERID,BOARDNUM,POSTNUM2,GN) values (114,'1',to_date('2019/09/05','YYYY/MM/DD'),'N','moon',1,null,71);
Insert into POST (POSTNUM,POSTNM,POSTDATE,DELSTATUS,USERID,BOARDNUM,POSTNUM2,GN) values (116,'1',to_date('2019/09/05','YYYY/MM/DD'),'N','moon',1,null,72);
Insert into POST (POSTNUM,POSTNM,POSTDATE,DELSTATUS,USERID,BOARDNUM,POSTNUM2,GN) values (118,'1',to_date('2019/09/05','YYYY/MM/DD'),'N','moon',1,null,73);
Insert into POST (POSTNUM,POSTNM,POSTDATE,DELSTATUS,USERID,BOARDNUM,POSTNUM2,GN) values (119,'1',to_date('2019/09/05','YYYY/MM/DD'),'N','moon',1,null,74);
Insert into POST (POSTNUM,POSTNM,POSTDATE,DELSTATUS,USERID,BOARDNUM,POSTNUM2,GN) values (120,'1',to_date('2019/09/05','YYYY/MM/DD'),'N','moon',1,null,75);
Insert into POST (POSTNUM,POSTNM,POSTDATE,DELSTATUS,USERID,BOARDNUM,POSTNUM2,GN) values (121,'1',to_date('2019/09/05','YYYY/MM/DD'),'N','moon',1,null,76);
Insert into POST (POSTNUM,POSTNM,POSTDATE,DELSTATUS,USERID,BOARDNUM,POSTNUM2,GN) values (122,'33',to_date('2019/09/05','YYYY/MM/DD'),'N','moon',1,null,77);
Insert into POST (POSTNUM,POSTNM,POSTDATE,DELSTATUS,USERID,BOARDNUM,POSTNUM2,GN) values (123,'44',to_date('2019/09/05','YYYY/MM/DD'),'N','moon',1,null,78);
Insert into POST (POSTNUM,POSTNM,POSTDATE,DELSTATUS,USERID,BOARDNUM,POSTNUM2,GN) values (124,'dfhdsfh',to_date('2019/09/05','YYYY/MM/DD'),'Y','moon',1,null,79);
Insert into POST (POSTNUM,POSTNM,POSTDATE,DELSTATUS,USERID,BOARDNUM,POSTNUM2,GN) values (125,'dsf',to_date('2019/09/06','YYYY/MM/DD'),'N','moon',1,123,78);
Insert into POST (POSTNUM,POSTNM,POSTDATE,DELSTATUS,USERID,BOARDNUM,POSTNUM2,GN) values (127,'asdfasdf',to_date('2019/09/06','YYYY/MM/DD'),'N','moon',1,123,78);
Insert into POST (POSTNUM,POSTNM,POSTDATE,DELSTATUS,USERID,BOARDNUM,POSTNUM2,GN) values (143,'ㅁㄴㅇㄹㄴㅁㅇㄹ',to_date('2019/09/19','YYYY/MM/DD'),'Y','brown',1,null,81);
Insert into POST (POSTNUM,POSTNM,POSTDATE,DELSTATUS,USERID,BOARDNUM,POSTNUM2,GN) values (144,'글작성테스트',to_date('2019/09/20','YYYY/MM/DD'),'N','brown',1,null,82);
Insert into POST (POSTNUM,POSTNM,POSTDATE,DELSTATUS,USERID,BOARDNUM,POSTNUM2,GN) values (149,'ㄴㅇㅎㄴ',to_date('2019/09/20','YYYY/MM/DD'),'Y','brown',1,null,83);
Insert into POST (POSTNUM,POSTNM,POSTDATE,DELSTATUS,USERID,BOARDNUM,POSTNUM2,GN) values (159,'asdfasdf',to_date('2019/09/20','YYYY/MM/DD'),'Y','brown',1,144,0);
Insert into POST (POSTNUM,POSTNM,POSTDATE,DELSTATUS,USERID,BOARDNUM,POSTNUM2,GN) values (161,'수정을 해볼까 여기서',to_date('2019/09/20','YYYY/MM/DD'),'N','brown',1,null,84);
Insert into POST (POSTNUM,POSTNM,POSTDATE,DELSTATUS,USERID,BOARDNUM,POSTNUM2,GN) values (162,'ㅁㄴㅇㄻㄴㅇㄹ',to_date('2019/09/20','YYYY/MM/DD'),'N','brown',1,null,85);
Insert into POST (POSTNUM,POSTNM,POSTDATE,DELSTATUS,USERID,BOARDNUM,POSTNUM2,GN) values (163,'ㅁㄴㅇㄻㄴ',to_date('2019/09/20','YYYY/MM/DD'),'N','brown',1,162,0);
Insert into POST (POSTNUM,POSTNM,POSTDATE,DELSTATUS,USERID,BOARDNUM,POSTNUM2,GN) values (165,'ㄴㅁㅇㄻㄴㅇㄹㄴㅁ',to_date('2019/09/20','YYYY/MM/DD'),'N','brown',1,163,0);
Insert into POST (POSTNUM,POSTNM,POSTDATE,DELSTATUS,USERID,BOARDNUM,POSTNUM2,GN) values (167,'asfdasfas',to_date('2019/09/20','YYYY/MM/DD'),'N','brown',1,null,86);
Insert into POST (POSTNUM,POSTNM,POSTDATE,DELSTATUS,USERID,BOARDNUM,POSTNUM2,GN) values (170,'sadfadf',to_date('2019/09/20','YYYY/MM/DD'),'N','brown',1,null,88);
Insert into POST (POSTNUM,POSTNM,POSTDATE,DELSTATUS,USERID,BOARDNUM,POSTNUM2,GN) values (171,'asdfsef',to_date('2019/09/20','YYYY/MM/DD'),'Y','brown',1,null,89);
Insert into POST (POSTNUM,POSTNM,POSTDATE,DELSTATUS,USERID,BOARDNUM,POSTNUM2,GN) values (172,'adsfsadf',to_date('2019/09/20','YYYY/MM/DD'),'N','brown',1,null,90);

Insert into COMMENTS (CMTNUM,CMTCONT,CMTDATE,POSTNUM,USERID,DELSTATUS) values (40,'sagasgsdg',to_date('2019/09/02','YYYY/MM/DD'),30,'cony','Y');
Insert into COMMENTS (CMTNUM,CMTCONT,CMTDATE,POSTNUM,USERID,DELSTATUS) values (39,'sadfasdf',to_date('2019/09/02','YYYY/MM/DD'),30,'cony','N');
Insert into COMMENTS (CMTNUM,CMTCONT,CMTDATE,POSTNUM,USERID,DELSTATUS) values (24,'댓글이죠',to_date('2019/09/02','YYYY/MM/DD'),28,'cony','N');
Insert into COMMENTS (CMTNUM,CMTCONT,CMTDATE,POSTNUM,USERID,DELSTATUS) values (46,'asdfasdf',to_date('2019/09/02','YYYY/MM/DD'),50,'cony','Y');
Insert into COMMENTS (CMTNUM,CMTCONT,CMTDATE,POSTNUM,USERID,DELSTATUS) values (37,'sadfs',to_date('2019/09/02','YYYY/MM/DD'),30,'cony','Y');
Insert into COMMENTS (CMTNUM,CMTCONT,CMTDATE,POSTNUM,USERID,DELSTATUS) values (42,'sadfsdf',to_date('2019/09/02','YYYY/MM/DD'),30,'moon','Y');
Insert into COMMENTS (CMTNUM,CMTCONT,CMTDATE,POSTNUM,USERID,DELSTATUS) values (48,'sadfsadf',to_date('2019/09/02','YYYY/MM/DD'),50,'cony','N');
Insert into COMMENTS (CMTNUM,CMTCONT,CMTDATE,POSTNUM,USERID,DELSTATUS) values (49,'가나다',to_date('2019/09/02','YYYY/MM/DD'),30,'cony','N');
Insert into COMMENTS (CMTNUM,CMTCONT,CMTDATE,POSTNUM,USERID,DELSTATUS) values (50,'가나다',to_date('2019/09/02','YYYY/MM/DD'),30,'cony','N');
Insert into COMMENTS (CMTNUM,CMTCONT,CMTDATE,POSTNUM,USERID,DELSTATUS) values (47,'sadfsadf',to_date('2019/09/02','YYYY/MM/DD'),50,'cony','Y');
Insert into COMMENTS (CMTNUM,CMTCONT,CMTDATE,POSTNUM,USERID,DELSTATUS) values (51,'asdfsdf',to_date('2019/09/02','YYYY/MM/DD'),50,'moon','N');
Insert into COMMENTS (CMTNUM,CMTCONT,CMTDATE,POSTNUM,USERID,DELSTATUS) values (52,'가나다',to_date('2019/09/02','YYYY/MM/DD'),40,'moon','N');
Insert into COMMENTS (CMTNUM,CMTCONT,CMTDATE,POSTNUM,USERID,DELSTATUS) values (53,'댓글1',to_date('2019/09/02','YYYY/MM/DD'),63,'cony','N');
Insert into COMMENTS (CMTNUM,CMTCONT,CMTDATE,POSTNUM,USERID,DELSTATUS) values (54,'댓글2',to_date('2019/09/02','YYYY/MM/DD'),63,'cony','Y');
Insert into COMMENTS (CMTNUM,CMTCONT,CMTDATE,POSTNUM,USERID,DELSTATUS) values (55,'댓글1',to_date('2019/09/03','YYYY/MM/DD'),91,'cony','Y');
Insert into COMMENTS (CMTNUM,CMTCONT,CMTDATE,POSTNUM,USERID,DELSTATUS) values (56,'댓글2',to_date('2019/09/03','YYYY/MM/DD'),91,'cony','N');
Insert into COMMENTS (CMTNUM,CMTCONT,CMTDATE,POSTNUM,USERID,DELSTATUS) values (57,'댓글3',to_date('2019/09/03','YYYY/MM/DD'),91,'cony','N');
Insert into COMMENTS (CMTNUM,CMTCONT,CMTDATE,POSTNUM,USERID,DELSTATUS) values (58,'댓글2',to_date('2019/09/03','YYYY/MM/DD'),99,'cony','Y');
Insert into COMMENTS (CMTNUM,CMTCONT,CMTDATE,POSTNUM,USERID,DELSTATUS) values (59,'댓글3',to_date('2019/09/03','YYYY/MM/DD'),99,'cony','N');
Insert into COMMENTS (CMTNUM,CMTCONT,CMTDATE,POSTNUM,USERID,DELSTATUS) values (20,'asdfsdf',to_date('2019/08/30','YYYY/MM/DD'),17,'cony','N');
Insert into COMMENTS (CMTNUM,CMTCONT,CMTDATE,POSTNUM,USERID,DELSTATUS) values (62,'dgdgdfgdfgsdf
k;kl;',to_date('2019/09/03','YYYY/MM/DD'),5000,'cony','N');
Insert into COMMENTS (CMTNUM,CMTCONT,CMTDATE,POSTNUM,USERID,DELSTATUS) values (63,'asdfsaf',to_date('2019/09/03','YYYY/MM/DD'),5000,'cony','Y');
Insert into COMMENTS (CMTNUM,CMTCONT,CMTDATE,POSTNUM,USERID,DELSTATUS) values (76,'sdafsadfs',to_date('2019/09/06','YYYY/MM/DD'),123,'moon','Y');
Insert into COMMENTS (CMTNUM,CMTCONT,CMTDATE,POSTNUM,USERID,DELSTATUS) values (83,'asdfasdf',to_date('2019/09/20','YYYY/MM/DD'),172,'brown','Y');
Insert into COMMENTS (CMTNUM,CMTCONT,CMTDATE,POSTNUM,USERID,DELSTATUS) values (84,'기가막히네',to_date('2019/09/20','YYYY/MM/DD'),172,'brown','Y');
Insert into COMMENTS (CMTNUM,CMTCONT,CMTDATE,POSTNUM,USERID,DELSTATUS) values (85,'sadfsdaf',to_date('2019/09/20','YYYY/MM/DD'),172,'brown','Y');
Insert into COMMENTS (CMTNUM,CMTCONT,CMTDATE,POSTNUM,USERID,DELSTATUS) values (86,'sadfasdfdsaf',to_date('2019/09/20','YYYY/MM/DD'),172,'brown','Y');
Insert into COMMENTS (CMTNUM,CMTCONT,CMTDATE,POSTNUM,USERID,DELSTATUS) values (87,'sadfsadfsaf',to_date('2019/09/20','YYYY/MM/DD'),172,'brown','Y');
Insert into COMMENTS (CMTNUM,CMTCONT,CMTDATE,POSTNUM,USERID,DELSTATUS) values (88,'asdfdsafs',to_date('2019/09/20','YYYY/MM/DD'),172,'brown','Y');
Insert into COMMENTS (CMTNUM,CMTCONT,CMTDATE,POSTNUM,USERID,DELSTATUS) values (89,'fdsafsdaf',to_date('2019/09/20','YYYY/MM/DD'),171,'brown','N');
Insert into COMMENTS (CMTNUM,CMTCONT,CMTDATE,POSTNUM,USERID,DELSTATUS) values (90,'ㄴㅇㅁㄹㄴㅁㅇㄹ',to_date('2019/09/20','YYYY/MM/DD'),170,'brown','Y');
Insert into COMMENTS (CMTNUM,CMTCONT,CMTDATE,POSTNUM,USERID,DELSTATUS) values (91,'ㅁㄴㅇㄹㄴㅇㅁㄹㄴㅁㅇㄹ',to_date('2019/09/20','YYYY/MM/DD'),170,'brown','N');

Insert into ATTACHEDFILE (ATFNUM,ATFNM,ATFPATH,POSTNUM) values (6,'cony.png','d:\upload\2019\08\7f816a56-dc2d-4424-9f83-761a0452cfc8.png',22);
Insert into ATTACHEDFILE (ATFNUM,ATFNM,ATFPATH,POSTNUM) values (4,'ryan.png','d:\upload\2019\08\e019b476-2e8c-4ebb-b832-84301bb6f669.png',21);
Insert into ATTACHEDFILE (ATFNUM,ATFNM,ATFPATH,POSTNUM) values (5,'sally.png','d:\upload\2019\08\441f45e6-a9c2-40d6-b70f-c27242ecb4b6.png',21);
Insert into ATTACHEDFILE (ATFNUM,ATFNM,ATFPATH,POSTNUM) values (7,'james.png','d:\upload\2019\08\80067e9a-4101-400d-bac9-b16f03e0ca8c.png',22);
Insert into ATTACHEDFILE (ATFNUM,ATFNM,ATFPATH,POSTNUM) values (8,'moon.png','d:\upload\2019\08\d31221db-6434-4791-ab4e-98c66aaf62d5.png',22);
Insert into ATTACHEDFILE (ATFNUM,ATFNM,ATFPATH,POSTNUM) values (9,'moon.png','d:\upload\2019\08\757043ba-7438-4635-b368-810ef58ecb6f.png',26);
Insert into ATTACHEDFILE (ATFNUM,ATFNM,ATFPATH,POSTNUM) values (10,'ryan.png','d:\upload\2019\08\3a0d6601-2a5a-4201-b4ed-e95393d1f980.png',26);
Insert into ATTACHEDFILE (ATFNUM,ATFNM,ATFPATH,POSTNUM) values (11,'moon.png','d:\upload\2019\08\4dda2f51-4d73-4a1f-a1f3-66744708c153.png',27);
Insert into ATTACHEDFILE (ATFNUM,ATFNM,ATFPATH,POSTNUM) values (12,'ryan.png','d:\upload\2019\08\42a02b8e-c948-47ad-92b9-168706676bb5.png',28);
Insert into ATTACHEDFILE (ATFNUM,ATFNM,ATFPATH,POSTNUM) values (13,'sally.png','d:\upload\2019\08\7c109487-680b-46e3-b88a-889af4adc507.png',28);
Insert into ATTACHEDFILE (ATFNUM,ATFNM,ATFPATH,POSTNUM) values (19,'ryan.png','d:\upload\2019\09\17f3dd2b-8d4d-4139-84a4-ed9eca311858.png',27);
Insert into ATTACHEDFILE (ATFNUM,ATFNM,ATFPATH,POSTNUM) values (20,'ryan.png','d:\upload\2019\09\429a8c05-8c3d-4597-987c-f954f28f9efe.png',27);
Insert into ATTACHEDFILE (ATFNUM,ATFNM,ATFPATH,POSTNUM) values (21,'james.png','d:\upload\2019\09\3aed8460-008d-4c5e-841e-ad81c18dc849.png',34);
Insert into ATTACHEDFILE (ATFNUM,ATFNM,ATFPATH,POSTNUM) values (17,'sally.png','d:\upload\2019\09\5c4bb13e-7cd0-4713-a384-7b94a9897dad.png',30);
Insert into ATTACHEDFILE (ATFNUM,ATFNM,ATFPATH,POSTNUM) values (22,'moon.png','d:\upload\2019\09\8065f1a9-ecf4-4532-9bfc-f05895d64133.png',34);
Insert into ATTACHEDFILE (ATFNUM,ATFNM,ATFPATH,POSTNUM) values (23,'james.png','d:\upload\2019\09\828c1f32-7269-4457-9695-56998e6434f2.png',35);
Insert into ATTACHEDFILE (ATFNUM,ATFNM,ATFPATH,POSTNUM) values (24,'moon.png','d:\upload\2019\09\9e6e0c65-6b54-4fba-9ce9-bd7e1647ebb7.png',35);
Insert into ATTACHEDFILE (ATFNUM,ATFNM,ATFPATH,POSTNUM) values (58,'moon.png','d:\upload\2019\09\cc01661c-28d1-4d08-9e8e-1fe3621614b0.png',53);
Insert into ATTACHEDFILE (ATFNUM,ATFNM,ATFPATH,POSTNUM) values (59,'ryan.png','d:\upload\2019\09\4016502f-947f-4e53-a46c-cab1dd06ad24.png',53);
Insert into ATTACHEDFILE (ATFNUM,ATFNM,ATFPATH,POSTNUM) values (27,'cony.png','d:\upload\2019\09\65296d2a-a045-48a9-a315-99a123aff912.png',41);
Insert into ATTACHEDFILE (ATFNUM,ATFNM,ATFPATH,POSTNUM) values (28,'james.png','d:\upload\2019\09\53fc8ad0-7c27-4da1-ba35-c3935dfd2cf2.png',41);
Insert into ATTACHEDFILE (ATFNUM,ATFNM,ATFPATH,POSTNUM) values (80,'cony.png','d:\upload\2019\09\ff0a2bd8-a67a-4703-a090-a72f23ffe9df.png',62);
Insert into ATTACHEDFILE (ATFNUM,ATFNM,ATFPATH,POSTNUM) values (30,'ryan.png','d:\upload\2019\09\ba492967-656a-45cb-b736-98a35e0b50f2.png',41);
Insert into ATTACHEDFILE (ATFNUM,ATFNM,ATFPATH,POSTNUM) values (31,'sally.png','d:\upload\2019\09\3f152e73-679e-48a5-91b7-14d4ccd1c528.png',41);
Insert into ATTACHEDFILE (ATFNUM,ATFNM,ATFPATH,POSTNUM) values (32,'cony.png','d:\upload\2019\09\b21922d7-4623-455a-9c02-a7c2c3222287.png',42);
Insert into ATTACHEDFILE (ATFNUM,ATFNM,ATFPATH,POSTNUM) values (33,'james.png','d:\upload\2019\09\e7696e28-c76f-4d5d-be96-30c9f7fcc569.png',42);
Insert into ATTACHEDFILE (ATFNUM,ATFNM,ATFPATH,POSTNUM) values (34,'moon.png','d:\upload\2019\09\9cf51a79-f9bc-4bd6-b935-d9a256cda582.png',42);
Insert into ATTACHEDFILE (ATFNUM,ATFNM,ATFPATH,POSTNUM) values (35,'ryan.png','d:\upload\2019\09\56147344-0037-4f3e-8ca0-7a5ea808ce69.png',42);
Insert into ATTACHEDFILE (ATFNUM,ATFNM,ATFPATH,POSTNUM) values (36,'sally.png','d:\upload\2019\09\7ad949b5-49b5-4e96-9b49-6a1e2879d417.png',42);
Insert into ATTACHEDFILE (ATFNUM,ATFNM,ATFPATH,POSTNUM) values (37,'cony.png','d:\upload\2019\09\1a073afa-6285-42e9-a82c-c84464998827.png',43);
Insert into ATTACHEDFILE (ATFNUM,ATFNM,ATFPATH,POSTNUM) values (38,'james.png','d:\upload\2019\09\f9fc0c95-1543-4ffc-bcdb-f50d0c2ae0f3.png',43);
Insert into ATTACHEDFILE (ATFNUM,ATFNM,ATFPATH,POSTNUM) values (39,'moon.png','d:\upload\2019\09\626c60b4-7fd8-48f1-98ce-171a0dff350e.png',43);
Insert into ATTACHEDFILE (ATFNUM,ATFNM,ATFPATH,POSTNUM) values (40,'ryan.png','d:\upload\2019\09\8a4ce683-1476-4667-bd67-02b19d6898ed.png',43);
Insert into ATTACHEDFILE (ATFNUM,ATFNM,ATFPATH,POSTNUM) values (41,'sally.png','d:\upload\2019\09\c804bd7c-72cd-427b-a851-33f69faac0a0.png',43);
Insert into ATTACHEDFILE (ATFNUM,ATFNM,ATFPATH,POSTNUM) values (42,'moon.png','d:\upload\2019\09\40026eeb-e00e-4f22-b5de-073cb5f930f2.png',44);
Insert into ATTACHEDFILE (ATFNUM,ATFNM,ATFPATH,POSTNUM) values (43,'ryan.png','d:\upload\2019\09\fba53099-f363-47a9-9edd-f9989d0a1187.png',44);
Insert into ATTACHEDFILE (ATFNUM,ATFNM,ATFPATH,POSTNUM) values (44,'sally.png','d:\upload\2019\09\923e47e5-9f2d-43fa-85c1-04818de1c9c7.png',44);
Insert into ATTACHEDFILE (ATFNUM,ATFNM,ATFPATH,POSTNUM) values (45,'moon.png','d:\upload\2019\09\0df334d8-0bb9-4d59-9964-e0b51bbb07d5.png',46);
Insert into ATTACHEDFILE (ATFNUM,ATFNM,ATFPATH,POSTNUM) values (46,'ryan.png','d:\upload\2019\09\92e66a67-8fc0-4995-b4df-ff00c990ea96.png',46);
Insert into ATTACHEDFILE (ATFNUM,ATFNM,ATFPATH,POSTNUM) values (47,'sally.png','d:\upload\2019\09\222be500-5328-416a-9363-f8a45619f85c.png',46);
Insert into ATTACHEDFILE (ATFNUM,ATFNM,ATFPATH,POSTNUM) values (63,'sally.png','d:\upload\2019\09\8fd52706-d67d-432a-b22c-611296426e19.png',50);
Insert into ATTACHEDFILE (ATFNUM,ATFNM,ATFPATH,POSTNUM) values (60,'sally.png','d:\upload\2019\09\566740cc-86ae-41df-b096-4f9be198b54f.png',53);
Insert into ATTACHEDFILE (ATFNUM,ATFNM,ATFPATH,POSTNUM) values (50,'moon.png','d:\upload\2019\09\b23d590c-66fd-4c16-bb03-f5e5d5b3a7b6.png',49);
Insert into ATTACHEDFILE (ATFNUM,ATFNM,ATFPATH,POSTNUM) values (51,'ryan.png','d:\upload\2019\09\b1e216d3-db1a-4bf5-b10d-36941a3e6f8d.png',49);
Insert into ATTACHEDFILE (ATFNUM,ATFNM,ATFPATH,POSTNUM) values (52,'sally.png','d:\upload\2019\09\603a22e7-c60b-42b7-967f-80a92ef3994d.png',49);
Insert into ATTACHEDFILE (ATFNUM,ATFNM,ATFPATH,POSTNUM) values (61,'moon.png','d:\upload\2019\09\d432b08e-02fa-4b74-98b4-b968ce965dc2.png',50);
Insert into ATTACHEDFILE (ATFNUM,ATFNM,ATFPATH,POSTNUM) values (56,'ryan.png','d:\upload\2019\09\4c9015ad-8d4a-4167-bdc3-ab20600e0f26.png',53);
Insert into ATTACHEDFILE (ATFNUM,ATFNM,ATFPATH,POSTNUM) values (57,'sally.png','d:\upload\2019\09\7f952316-f951-43b7-b6a8-0a5af35f0ef0.png',53);
Insert into ATTACHEDFILE (ATFNUM,ATFNM,ATFPATH,POSTNUM) values (62,'ryan.png','d:\upload\2019\09\265626ba-bd4f-4a9c-90d3-02a425bd8c28.png',50);
Insert into ATTACHEDFILE (ATFNUM,ATFNM,ATFPATH,POSTNUM) values (64,'ryan.png','d:\upload\2019\09\14912166-7b68-404f-bfa1-f1ffb9c34919.png',56);
Insert into ATTACHEDFILE (ATFNUM,ATFNM,ATFPATH,POSTNUM) values (71,'ryan.png','d:\upload\2019\09\939a2d80-df47-4072-b33e-214ba67973b3.png',57);
Insert into ATTACHEDFILE (ATFNUM,ATFNM,ATFPATH,POSTNUM) values (72,'sally.png','d:\upload\2019\09\f9034c84-c90b-4cd1-9f26-caca3a39ecff.png',57);
Insert into ATTACHEDFILE (ATFNUM,ATFNM,ATFPATH,POSTNUM) values (67,'moon.png','d:\upload\2019\09\2d8f3021-333d-4f3f-ad6c-78eb2e5f8e2e.png',56);
Insert into ATTACHEDFILE (ATFNUM,ATFNM,ATFPATH,POSTNUM) values (68,'ryan.png','d:\upload\2019\09\b31f66be-2eda-4524-8f2a-cdb6a59ebe68.png',56);
Insert into ATTACHEDFILE (ATFNUM,ATFNM,ATFPATH,POSTNUM) values (69,'sally.png','d:\upload\2019\09\af731674-7d27-4f3f-aa04-956de5486659.png',56);
Insert into ATTACHEDFILE (ATFNUM,ATFNM,ATFPATH,POSTNUM) values (70,'moon.png','d:\upload\2019\09\fe191b02-07b8-43c2-b3fc-6c6b47671f7d.png',57);
Insert into ATTACHEDFILE (ATFNUM,ATFNM,ATFPATH,POSTNUM) values (73,'moon.png','d:\upload\2019\09\c49d85bc-f082-4021-81a9-de011fcf21f1.png',58);
Insert into ATTACHEDFILE (ATFNUM,ATFNM,ATFPATH,POSTNUM) values (74,'ryan.png','d:\upload\2019\09\cb305295-dace-4113-adf4-84a4356e4355.png',58);
Insert into ATTACHEDFILE (ATFNUM,ATFNM,ATFPATH,POSTNUM) values (75,'sally.png','d:\upload\2019\09\559a4c91-e104-42cf-b4de-eab4b777b7fd.png',58);
Insert into ATTACHEDFILE (ATFNUM,ATFNM,ATFPATH,POSTNUM) values (76,'ryan.png','d:\upload\2019\09\1f53ddd1-3c81-4e7d-99fc-bd78cdbce318.png',59);
Insert into ATTACHEDFILE (ATFNUM,ATFNM,ATFPATH,POSTNUM) values (77,'sally.png','d:\upload\2019\09\29f57ff8-6d6e-41f8-a496-4948e1fceb3a.png',59);
Insert into ATTACHEDFILE (ATFNUM,ATFNM,ATFPATH,POSTNUM) values (81,'james.png','d:\upload\2019\09\4ca64e2b-c46a-45d6-8847-3a0ff35c6400.png',62);
Insert into ATTACHEDFILE (ATFNUM,ATFNM,ATFPATH,POSTNUM) values (82,'moon.png','d:\upload\2019\09\dded6b2c-dc18-48c5-9f72-a695feb894e2.png',62);
Insert into ATTACHEDFILE (ATFNUM,ATFNM,ATFPATH,POSTNUM) values (83,'ryan.png','d:\upload\2019\09\9d4a8724-914e-488e-a4c2-f8474c7399ae.png',62);
Insert into ATTACHEDFILE (ATFNUM,ATFNM,ATFPATH,POSTNUM) values (84,'sally.png','d:\upload\2019\09\4f50141a-2995-4ebf-94b4-12c8468a28eb.png',62);
Insert into ATTACHEDFILE (ATFNUM,ATFNM,ATFPATH,POSTNUM) values (85,'moon.png','d:\upload\2019\09\0132fdda-8609-4175-88ae-73d903c368c0.png',63);
Insert into ATTACHEDFILE (ATFNUM,ATFNM,ATFPATH,POSTNUM) values (86,'ryan.png','d:\upload\2019\09\a7798344-106a-4c27-8a1c-c891209c8619.png',63);
Insert into ATTACHEDFILE (ATFNUM,ATFNM,ATFPATH,POSTNUM) values (87,'sally.png','d:\upload\2019\09\8e0b4f30-3506-483e-b880-ce0865db67ad.png',63);
Insert into ATTACHEDFILE (ATFNUM,ATFNM,ATFPATH,POSTNUM) values (88,'james.png','d:\upload\2019\09\3b6d3044-9bd5-4f38-9f90-864ddec2312a.png',65);
Insert into ATTACHEDFILE (ATFNUM,ATFNM,ATFPATH,POSTNUM) values (89,'moon.png','d:\upload\2019\09\4899b1d8-c87c-45ab-90ab-64ee144194e5.png',65);
Insert into ATTACHEDFILE (ATFNUM,ATFNM,ATFPATH,POSTNUM) values (90,'ryan.png','d:\upload\2019\09\161d867b-d5ef-46c2-9568-929dfade8397.png',65);
Insert into ATTACHEDFILE (ATFNUM,ATFNM,ATFPATH,POSTNUM) values (91,'sally.png','d:\upload\2019\09\7ed864ef-13cf-4f98-b4a0-d4a84bdc7505.png',65);
Insert into ATTACHEDFILE (ATFNUM,ATFNM,ATFPATH,POSTNUM) values (92,'moon.png','d:\upload\2019\09\76dbd87d-1d7c-4a5e-9bbd-140e90b1fc4d.png',66);
Insert into ATTACHEDFILE (ATFNUM,ATFNM,ATFPATH,POSTNUM) values (93,'ryan.png','d:\upload\2019\09\b908f92e-77a5-40c9-9d7e-8392ca7b584c.png',66);
Insert into ATTACHEDFILE (ATFNUM,ATFNM,ATFPATH,POSTNUM) values (94,'sally.png','d:\upload\2019\09\7b8fb536-9557-4446-9e59-215d4a21393f.png',66);
Insert into ATTACHEDFILE (ATFNUM,ATFNM,ATFPATH,POSTNUM) values (95,'ryan.png','d:\upload\2019\09\de638753-748d-4148-ba69-9143f0b6e6c4.png',68);
Insert into ATTACHEDFILE (ATFNUM,ATFNM,ATFPATH,POSTNUM) values (96,'sally.png','d:\upload\2019\09\b44330fe-3d92-407a-b4b4-8652a9588a5b.png',68);
Insert into ATTACHEDFILE (ATFNUM,ATFNM,ATFPATH,POSTNUM) values (97,'ryan.png','d:\upload\2019\09\11c877d8-7148-4702-9d06-504ee80713d8.png',69);
Insert into ATTACHEDFILE (ATFNUM,ATFNM,ATFPATH,POSTNUM) values (98,'sally.png','d:\upload\2019\09\f76330bf-99b9-40bf-8ca2-fc7cb40023a9.png',69);
Insert into ATTACHEDFILE (ATFNUM,ATFNM,ATFPATH,POSTNUM) values (99,'ryan.png','d:\upload\2019\09\1e725761-7ac8-415c-bc44-ba6cda53bf6f.png',70);
Insert into ATTACHEDFILE (ATFNUM,ATFNM,ATFPATH,POSTNUM) values (100,'sally.png','d:\upload\2019\09\c083e688-5eb2-4a0f-be5a-13ad79b33059.png',70);
Insert into ATTACHEDFILE (ATFNUM,ATFNM,ATFPATH,POSTNUM) values (101,'ryan.png','d:\upload\2019\09\e78c71bb-f15d-4d83-9afe-13cfd6ca0ce2.png',71);
Insert into ATTACHEDFILE (ATFNUM,ATFNM,ATFPATH,POSTNUM) values (102,'sally.png','d:\upload\2019\09\aeab044d-e11c-49bc-a52a-4513c852776a.png',71);
Insert into ATTACHEDFILE (ATFNUM,ATFNM,ATFPATH,POSTNUM) values (103,'moon.png','d:\upload\2019\09\ac70af9e-1968-441d-98b7-2f2d583a6ab8.png',72);
Insert into ATTACHEDFILE (ATFNUM,ATFNM,ATFPATH,POSTNUM) values (104,'ryan.png','d:\upload\2019\09\b8091665-ab31-4075-9273-cc8b6fa9365d.png',72);
Insert into ATTACHEDFILE (ATFNUM,ATFNM,ATFPATH,POSTNUM) values (105,'sally.png','d:\upload\2019\09\5c3a9c2b-8fd5-4fc9-9383-5de89204394d.png',72);
Insert into ATTACHEDFILE (ATFNUM,ATFNM,ATFPATH,POSTNUM) values (106,'sally.png','d:\upload\2019\09\f83aa986-19a6-479b-b857-b27961b36a71.png',73);
Insert into ATTACHEDFILE (ATFNUM,ATFNM,ATFPATH,POSTNUM) values (107,'ryan.png','d:\upload\2019\09\03d7c280-0013-4fd5-ab55-584b5fbb0338.png',80);
Insert into ATTACHEDFILE (ATFNUM,ATFNM,ATFPATH,POSTNUM) values (108,'sally.png','d:\upload\2019\09\39567fef-7bb3-4490-919e-ca0b405eca5e.png',80);
Insert into ATTACHEDFILE (ATFNUM,ATFNM,ATFPATH,POSTNUM) values (109,'moon.png','d:\upload\2019\09\9dc008c9-84f6-4f99-8dd8-065245cf635f.png',88);
Insert into ATTACHEDFILE (ATFNUM,ATFNM,ATFPATH,POSTNUM) values (110,'ryan.png','d:\upload\2019\09\8c8ed47f-6d4e-4cbe-a190-d142e9c5a709.png',88);
Insert into ATTACHEDFILE (ATFNUM,ATFNM,ATFPATH,POSTNUM) values (111,'sally.png','d:\upload\2019\09\6ec93344-fc30-45b6-a3fc-702af4c91f1d.png',88);
Insert into ATTACHEDFILE (ATFNUM,ATFNM,ATFPATH,POSTNUM) values (117,'sally.png','d:\upload\2019\09\90e87649-f043-4bff-8602-ad6f2ac3af37.png',90);
Insert into ATTACHEDFILE (ATFNUM,ATFNM,ATFPATH,POSTNUM) values (113,'ryan.png','d:\upload\2019\09\ae8e5211-8e86-4138-8641-2ae8587617b8.png',87);
Insert into ATTACHEDFILE (ATFNUM,ATFNM,ATFPATH,POSTNUM) values (114,'sally.png','d:\upload\2019\09\69bb5f0f-df19-40bb-9ffe-39cdc1aab79f.png',87);
Insert into ATTACHEDFILE (ATFNUM,ATFNM,ATFPATH,POSTNUM) values (115,'moon.png','d:\upload\2019\09\53391fba-a49e-407f-a8c4-eda746da53d6.png',90);
Insert into ATTACHEDFILE (ATFNUM,ATFNM,ATFPATH,POSTNUM) values (116,'ryan.png','d:\upload\2019\09\6464fc47-6a8c-42de-8458-0ef8acc1a29a.png',90);
Insert into ATTACHEDFILE (ATFNUM,ATFNM,ATFPATH,POSTNUM) values (118,'moon.png','d:\upload\2019\09\002cebd4-4b1c-4d4c-af61-3c2033ab2361.png',91);
Insert into ATTACHEDFILE (ATFNUM,ATFNM,ATFPATH,POSTNUM) values (119,'ryan.png','d:\upload\2019\09\670ea7ad-6a04-4c62-9f14-a349847c2560.png',91);
Insert into ATTACHEDFILE (ATFNUM,ATFNM,ATFPATH,POSTNUM) values (120,'sally.png','d:\upload\2019\09\67517269-8db0-40c1-8fcc-0f0582152dbc.png',91);
Insert into ATTACHEDFILE (ATFNUM,ATFNM,ATFPATH,POSTNUM) values (121,'sally.png','d:\upload\2019\09\57c24405-3836-40d1-8f63-209d7a438403.png',91);
Insert into ATTACHEDFILE (ATFNUM,ATFNM,ATFPATH,POSTNUM) values (122,'sally.png','d:\upload\2019\09\750a5f29-bf63-4a6c-95f3-dacea33dcd12.png',94);
Insert into ATTACHEDFILE (ATFNUM,ATFNM,ATFPATH,POSTNUM) values (123,'ryan.png','d:\upload\2019\09\0e9f54d2-215b-4024-adda-0d780294487b.png',96);
Insert into ATTACHEDFILE (ATFNUM,ATFNM,ATFPATH,POSTNUM) values (127,'brown.png','d:\upload\2019\09\13c79390-ec09-4608-baae-e797dba9d44a.png',98);
Insert into ATTACHEDFILE (ATFNUM,ATFNM,ATFPATH,POSTNUM) values (125,'ryan.png','d:\upload\2019\09\d913cfde-4090-4ce1-94b8-6b73e5563861.png',98);
Insert into ATTACHEDFILE (ATFNUM,ATFNM,ATFPATH,POSTNUM) values (129,'james.png','d:\upload\2019\09\7459d444-9063-4f2d-a22f-4d1b1a54fbdd.png',98);
Insert into ATTACHEDFILE (ATFNUM,ATFNM,ATFPATH,POSTNUM) values (128,'cony.png','d:\upload\2019\09\4a84e804-4e11-4f91-ba88-8dfdbdb2d2ff.png',98);
Insert into ATTACHEDFILE (ATFNUM,ATFNM,ATFPATH,POSTNUM) values (130,'ryan.png','d:\upload\2019\09\28224fdb-5988-45fa-894c-a87126120939.png',98);
Insert into ATTACHEDFILE (ATFNUM,ATFNM,ATFPATH,POSTNUM) values (131,'테스트','테스트용',8);
Insert into ATTACHEDFILE (ATFNUM,ATFNM,ATFPATH,POSTNUM) values (132,'테스트','테스트용',8);
Insert into ATTACHEDFILE (ATFNUM,ATFNM,ATFPATH,POSTNUM) values (133,'테스트','테스트용',8);
Insert into ATTACHEDFILE (ATFNUM,ATFNM,ATFPATH,POSTNUM) values (134,'테스트','테스트용',8);
Insert into ATTACHEDFILE (ATFNUM,ATFNM,ATFPATH,POSTNUM) values (135,'테스트','테스트용',8);
Insert into ATTACHEDFILE (ATFNUM,ATFNM,ATFPATH,POSTNUM) values (136,'테스트','테스트용',8);
Insert into ATTACHEDFILE (ATFNUM,ATFNM,ATFPATH,POSTNUM) values (137,'테스트','테스트용',8);
Insert into ATTACHEDFILE (ATFNUM,ATFNM,ATFPATH,POSTNUM) values (161,'james.png','d:\upload\2019\09\976a38cd-0449-4d29-b1e8-c7fdcf778dbe.png',111);
Insert into ATTACHEDFILE (ATFNUM,ATFNM,ATFPATH,POSTNUM) values (162,'moon.png','d:\upload\2019\09\46687601-2a99-4d86-973c-d84b71c7a7e1.png',111);
Insert into ATTACHEDFILE (ATFNUM,ATFNM,ATFPATH,POSTNUM) values (163,'ryan.png','d:\upload\2019\09\64aa0cea-52dd-4de3-97d3-b9c627167f1d.png',111);
Insert into ATTACHEDFILE (ATFNUM,ATFNM,ATFPATH,POSTNUM) values (164,'sally.png','d:\upload\2019\09\6c1c0c59-652f-43c0-9576-664b5c24f7e8.png',111);
Insert into ATTACHEDFILE (ATFNUM,ATFNM,ATFPATH,POSTNUM) values (171,'ryan.png','d:\upload\2019\09\bb561df4-49be-4594-8dd0-2c0e032fe550.png',5000);
Insert into ATTACHEDFILE (ATFNUM,ATFNM,ATFPATH,POSTNUM) values (172,'sally.png','d:\upload\2019\09\0d800658-b32b-4cba-be67-6d91544a607b.png',5000);
Insert into ATTACHEDFILE (ATFNUM,ATFNM,ATFPATH,POSTNUM) values (181,'james.png','d:\upload\2019\09\2c7a89e4-146f-49ce-a396-d4b023ec8f08.png',114);
Insert into ATTACHEDFILE (ATFNUM,ATFNM,ATFPATH,POSTNUM) values (189,'james.png','d:\upload\2019\09\187db63a-e185-4f58-bda5-9eed15a9dda5.png',125);
Insert into ATTACHEDFILE (ATFNUM,ATFNM,ATFPATH,POSTNUM) values (183,'moon.png','d:\upload\2019\09\a7dfb6d5-e75e-472d-ae11-7d0975aecd05.png',116);
Insert into ATTACHEDFILE (ATFNUM,ATFNM,ATFPATH,POSTNUM) values (191,'ryan.png','d:\upload\2019\09\730e19c4-b3b6-47bc-8de1-d87ae25855cd.png',125);
Insert into ATTACHEDFILE (ATFNUM,ATFNM,ATFPATH,POSTNUM) values (185,'sally.png','d:\upload\2019\09\844c0ac6-f573-4454-a3e1-196aeab82017.png',116);
Insert into ATTACHEDFILE (ATFNUM,ATFNM,ATFPATH,POSTNUM) values (186,'moon.png','d:\upload\2019\09\fc9b3d87-aa5c-4d9c-9e1c-3ea818a2dc74.png',124);
Insert into ATTACHEDFILE (ATFNUM,ATFNM,ATFPATH,POSTNUM) values (190,'moon.png','d:\upload\2019\09\ed5a7783-d73c-401f-8894-7becde18e55f.png',125);
Insert into ATTACHEDFILE (ATFNUM,ATFNM,ATFPATH,POSTNUM) values (192,'sally.png','d:\upload\2019\09\a14f4a32-9467-4c9e-b865-b2b4895f834a.png',125);
Insert into ATTACHEDFILE (ATFNUM,ATFNM,ATFPATH,POSTNUM) values (201,'brown.png','d:\springUpload\2019\09\26b54196-9224-4790-ae61-d6b44c26d0e4.png',167);
Insert into ATTACHEDFILE (ATFNUM,ATFNM,ATFPATH,POSTNUM) values (202,'cony.png','d:\springUpload\2019\09\58931093-7330-4479-b2d6-71dc120c9e6c.png',167);
Insert into ATTACHEDFILE (ATFNUM,ATFNM,ATFPATH,POSTNUM) values (203,'james.png','d:\springUpload\2019\09\1a2c2629-f641-45c8-854b-365097be864e.png',167);
Insert into ATTACHEDFILE (ATFNUM,ATFNM,ATFPATH,POSTNUM) values (204,'noimage.png','d:\springUpload\2019\09\01d65b5a-8300-4d3e-a1aa-971a04a22eb9.png',172);
Insert into ATTACHEDFILE (ATFNUM,ATFNM,ATFPATH,POSTNUM) values (209,'noimage.png','d:\springUpload\2019\09\ddc44515-cafb-47a9-9e45-79cd3a1a1221.png',170);
Insert into ATTACHEDFILE (ATFNUM,ATFNM,ATFPATH,POSTNUM) values (211,'sally.png','d:\springUpload\2019\09\6e1034b3-74ca-4968-b7fa-667cfd18b92f.png',170);
Insert into ATTACHEDFILE (ATFNUM,ATFNM,ATFPATH,POSTNUM) values (207,'ryan.png','d:\springUpload\2019\09\33c6e36b-d635-413f-b24e-a93e22ca2375.png',172);
Insert into ATTACHEDFILE (ATFNUM,ATFNM,ATFPATH,POSTNUM) values (208,'sally.png','d:\springUpload\2019\09\da02609f-5d93-400a-a558-d6510f38e669.png',172);
Insert into ATTACHEDFILE (ATFNUM,ATFNM,ATFPATH,POSTNUM) values (210,'ryan.png','d:\springUpload\2019\09\19cb2499-8919-4dc2-921e-84490f1fef02.png',170);

commit;